Type,Biliary-AdenoCA::SP99325,Bladder-TCC::SP1059,Bladder-TCC::SP96136,Breast-AdenoCA::SP117369,Breast-AdenoCA::SP2293,CNS-GBM::SP25494,ColoRect-AdenoCA::SP18310,ColoRect-AdenoCA::SP17172,ColoRect-AdenoCA::SP96133,ColoRect-AdenoCA::SP110242,ColoRect-AdenoCA::SP21017,ColoRect-AdenoCA::SP22383,ColoRect-AdenoCA::SP81312,ColoRect-AdenoCA::SP22031,ColoRect-AdenoCA::SP19215,ColoRect-AdenoCA::SP16886,ColoRect-AdenoCA::SP19295,ColoRect-AdenoCA::SP17905,ColoRect-AdenoCA::SP18121,ColoRect-AdenoCA::SP21400,ColoRect-AdenoCA::SP18946,ColoRect-AdenoCA::SP80615,Eso-AdenoCA::SP111058,Eso-AdenoCA::SP111066,Eso-AdenoCA::SP111113,Eso-AdenoCA::SP110865,Eso-AdenoCA::SP23502,Eso-AdenoCA::SP111001,Eso-AdenoCA::SP111173,Eso-AdenoCA::SP111091,Eso-AdenoCA::SP111175,Eso-AdenoCA::SP111114,Head-SCC::SP30113,Head-SCC::SP30332,Head-SCC::SP30675,Liver-HCC::SP98090,Lung-AdenoCA::SP53460,Lung-AdenoCA::SP54113,Lung-AdenoCA::SP55235,Lung-AdenoCA::SP50611,Lung-AdenoCA::SP55142,Lung-AdenoCA::SP53618,Lung-AdenoCA::SP53810,Lung-AdenoCA::SP55509,Lung-SCC::SP56553,Lung-SCC::SP57941,Lung-SCC::SP57818,Lung-SCC::SP56704,Lung-SCC::SP59245,Lung-SCC::SP57933,Lung-SCC::SP57669,Lung-SCC::SP58342,Lung-SCC::SP57619,Lung-SCC::SP58245,Lung-SCC::SP57251,Lung-SCC::SP58668,Lung-SCC::SP58326,Lung-SCC::SP57267,Lung-SCC::SP57066,Lung-SCC::SP57846,Lung-SCC::SP57189,Lymph-BNHL::SP116668,Lymph-BNHL::SP116697,Panc-AdenoCA::SP125732,Panc-AdenoCA::SP125770,Skin-Melanoma::SP124389,Skin-Melanoma::SP124362,Skin-Melanoma::SP124394,Skin-Melanoma::SP124334,Skin-Melanoma::SP124454,Skin-Melanoma::SP124380,Skin-Melanoma::SP124399,Skin-Melanoma::SP124311,Skin-Melanoma::SP124434,Skin-Melanoma::SP124428,Skin-Melanoma::SP124449,Skin-Melanoma::SP124298,Skin-Melanoma::SP124431,Skin-Melanoma::SP124409,Skin-Melanoma::SP124376,Skin-Melanoma::SP124439,Skin-Melanoma::SP124406,Skin-Melanoma::SP124382,Skin-Melanoma::SP124415,Skin-Melanoma::SP124436,Skin-Melanoma::SP124460,Skin-Melanoma::SP124425,Skin-Melanoma::SP124367,Skin-Melanoma::SP124377,Skin-Melanoma::SP124412,Skin-Melanoma::SP124329,Skin-Melanoma::SP124326,Skin-Melanoma::SP124458,Skin-Melanoma::SP124401,Skin-Melanoma::SP124384,Skin-Melanoma::SP124462,Skin-Melanoma::SP124452,Skin-Melanoma::SP124386,Skin-Melanoma::SP124418,Skin-Melanoma::SP124319,Skin-Melanoma::SP124447,Skin-Melanoma::SP124369,Skin-Melanoma::SP124365,Skin-Melanoma::SP124420,Skin-Melanoma::SP124364,Skin-Melanoma::SP124307,Skin-Melanoma::SP82445,Skin-Melanoma::SP83242,Skin-Melanoma::SP103894,Skin-Melanoma::SP83382,Skin-Melanoma::SP82451,Skin-Melanoma::SP83312,Skin-Melanoma::SP82614,Skin-Melanoma::SP82431,Skin-Melanoma::SP82459,Skin-Melanoma::SP82532,Skin-Melanoma::SP83482,Skin-Melanoma::SP104530,Skin-Melanoma::SP82644,Skin-Melanoma::SP82988,Skin-Melanoma::SP82461,Skin-Melanoma::SP82900,Skin-Melanoma::SP82399,Skin-Melanoma::SP82417,Skin-Melanoma::SP104056,Skin-Melanoma::SP83083,Skin-Melanoma::SP83019,Skin-Melanoma::SP83146,Skin-Melanoma::SP103866,Skin-Melanoma::SP83844,Stomach-AdenoCA::SP135287,Stomach-AdenoCA::SP85122,Stomach-AdenoCA::SP84384,Stomach-AdenoCA::SP84491,Stomach-AdenoCA::SP84743,Stomach-AdenoCA::SP84982,Stomach-AdenoCA::SP84392,Stomach-AdenoCA::SP105018,Stomach-AdenoCA::SP84439,Stomach-AdenoCA::SP84922,Uterus-AdenoCA::SP90209,Uterus-AdenoCA::SP93540,Uterus-AdenoCA::SP93227,Uterus-AdenoCA::SP94933,Uterus-AdenoCA::SP92364,Uterus-AdenoCA::SP92659
A[C>A]A,542,883,268,92,61,190,239,321,674,554,596,626,870,447,179,1436,577,4207,379,861,1564,3629,259,330,420,621,442,507,377,413,1043,437,2986,1569,2410,555,2412,4138,4108,2479,5359,2938,7613,3216,2102,3502,2398,1851,1552,1898,1797,2179,2275,2116,1636,1973,2773,1974,1914,1161,4558,315,698,194,368,80,202,93,200,116,207,200,166,133,331,174,633,195,223,56,254,146,911,840,812,162,200,205,77,141,54,121,218,696,240,141,112,121,187,193,504,172,187,89,232,156,770,294,190,91,175,91,94,489,128,488,156,362,226,78,115,316,172,176,521,112,106,267,115,78,273,380,189,378,504,299,473,1155,1171,276,291,197,648,528,457,692
A[C>A]C,595,486,206,48,31,211,261,280,368,423,362,377,2151,953,221,2088,822,6046,435,2565,2276,4824,168,194,243,453,294,273,189,237,426,265,1619,858,1204,468,1285,2107,2395,1439,2946,1632,4836,1802,1252,1931,1270,1075,829,1075,989,1199,1151,1029,876,1084,1466,989,1088,713,2356,211,618,157,304,31,104,48,101,72,89,115,87,93,194,102,201,88,155,38,122,61,349,408,384,86,84,135,50,87,40,87,113,366,149,83,50,81,110,81,241,67,132,53,196,90,340,94,147,50,104,42,45,223,66,167,98,252,120,58,78,144,96,139,296,55,73,165,76,42,184,291,294,255,287,178,375,1012,910,193,1028,222,5227,326,358,1040
A[C>A]G,72,146,53,9,7,25,25,32,64,55,115,49,68,48,23,225,59,672,48,84,159,499,16,30,39,73,42,40,39,54,96,37,640,459,567,66,454,986,959,650,1099,793,2189,792,472,750,514,459,363,397,403,540,385,430,343,408,607,484,463,341,1005,28,64,26,46,7,23,10,27,8,15,19,18,13,36,13,52,18,20,10,23,17,79,47,66,16,21,26,4,13,8,18,21,69,22,26,7,14,18,13,44,16,29,11,25,24,56,23,20,9,20,10,5,45,15,28,11,42,27,11,6,25,28,14,69,13,12,36,16,8,22,30,22,40,39,25,32,134,115,25,40,27,168,59,62,119
A[C>A]T,895,605,155,40,39,221,462,491,495,723,572,577,4247,2292,315,9082,2085,43284,488,4518,11724,28963,172,205,291,471,299,304,258,301,604,269,1759,1019,1422,494,1807,2531,2832,1736,3604,1936,5171,2217,1270,2357,1541,1064,1024,1281,1181,1406,1541,1379,1053,1179,1701,1213,1223,742,2785,252,680,322,600,52,129,50,110,63,136,139,113,109,239,99,269,83,170,36,224,103,457,486,392,125,108,198,62,102,45,74,153,475,242,117,74,101,123,116,443,111,156,57,149,116,472,136,147,64,111,90,60,319,80,171,86,275,146,51,82,216,97,145,392,74,81,230,67,61,235,380,329,266,327,312,426,1059,1664,183,6354,268,31709,303,386,3914
C[C>A]A,1571,966,252,86,92,213,930,1109,978,1742,1252,1078,2083,618,871,2554,866,8929,1319,2353,4277,7915,163,289,369,522,281,380,237,235,954,320,3921,2168,2725,551,3015,5016,5497,2989,6239,3617,12462,3867,2827,4010,2778,2334,1755,2032,2016,2589,2472,2250,1521,2411,3212,2116,2551,1539,5355,329,895,731,857,197,451,173,304,446,310,299,440,458,444,447,556,678,373,151,502,1105,1084,1993,1567,432,274,285,237,1896,115,645,572,986,621,257,212,211,977,221,753,239,349,130,427,415,1045,2468,323,128,781,304,221,591,187,597,254,634,353,169,290,534,489,353,645,157,307,383,209,207,556,778,611,234,330,592,910,1086,2812,239,2288,653,7809,305,473,923
C[C>A]C,2600,744,247,53,49,211,2136,2036,1341,2356,1589,1475,1021,292,1712,976,306,4437,1909,1219,1351,3358,114,155,188,392,183,185,148,200,446,189,3148,1708,2164,488,2357,3943,4560,2805,5185,3261,12159,3260,2315,3426,2422,1927,1510,1649,1714,2038,1946,1556,1143,1932,2469,1521,2040,1352,4331,259,473,1195,906,46,121,52,104,95,141,112,129,137,229,131,254,173,163,56,246,221,451,752,522,107,119,150,75,312,52,134,178,483,600,115,79,88,172,112,425,100,138,49,146,112,838,385,151,35,184,92,68,374,61,214,111,277,147,74,96,230,123,123,281,82,84,224,83,79,837,1248,1361,179,226,928,1715,1011,3908,149,2338,1105,9868,356,878,397
C[C>A]G,529,181,47,10,16,20,310,322,321,435,344,272,177,63,278,218,67,918,345,241,347,794,27,40,44,68,27,47,26,31,161,45,847,512,615,100,630,1086,1251,742,1285,896,3389,875,643,873,630,546,365,379,400,616,525,455,345,547,687,433,606,364,1149,38,99,171,173,23,54,23,27,62,34,31,52,49,79,61,88,92,51,26,77,156,188,280,183,54,36,44,39,198,18,87,76,166,152,52,34,33,92,40,133,26,54,18,41,57,259,338,69,30,85,53,37,103,28,74,37,81,44,29,49,78,77,50,115,31,44,68,27,30,146,256,284,31,50,151,306,107,855,40,521,269,1382,148,259,98
C[C>A]T,7156,816,209,44,56,249,5176,5354,3566,7976,4568,4000,8542,2537,4633,10376,2906,53093,5435,9478,21621,40332,150,332,306,492,307,306,312,229,923,344,2881,1440,2014,503,2419,3637,4676,2682,5334,3060,12153,3185,2188,3456,2413,1677,1349,1585,1686,1994,2091,1697,1198,1840,2506,1567,1958,1250,4033,438,1517,3683,3044,129,258,87,166,263,275,199,311,266,380,264,429,440,227,80,843,522,877,2084,816,291,200,330,191,871,92,315,333,887,1569,198,156,159,482,242,1067,125,217,83,261,247,2993,1205,289,127,354,196,125,995,127,463,225,425,206,108,170,537,283,180,498,153,201,510,165,109,2367,3324,3265,208,384,2823,4270,1402,17016,258,28052,2992,102804,647,1873,3635
G[C>A]A,464,502,176,43,59,110,336,368,949,789,1062,1018,1329,482,246,1170,843,3601,446,1283,1743,3482,178,386,508,431,261,559,276,295,1811,505,2090,1188,1606,344,1543,2836,2889,1841,3401,2016,5998,2104,1488,2335,1573,1336,1015,1229,1167,1463,1488,1386,1056,1295,1800,1250,1522,840,3014,208,459,196,243,41,82,18,80,57,92,70,89,102,122,94,246,96,81,45,119,69,347,371,455,73,94,100,38,102,21,92,114,248,125,64,64,57,102,68,170,64,98,32,213,52,311,145,101,30,147,43,45,167,59,243,83,223,93,37,53,110,57,88,154,62,49,120,36,36,383,473,255,230,352,309,580,670,1757,267,782,169,2138,288,203,524
G[C>A]C,772,358,174,42,25,136,317,492,404,523,633,833,1388,435,325,1422,477,4253,613,1552,1868,4412,97,125,182,301,153,206,149,143,535,179,1463,860,1126,312,1268,2312,2318,1453,2621,1752,5459,1607,1126,1930,1200,1047,854,930,1013,1095,1120,872,756,1056,1290,949,1079,748,2253,121,417,332,269,15,41,28,56,54,39,40,40,44,63,43,82,36,58,22,61,38,131,167,265,43,43,59,25,50,13,61,59,171,97,36,39,34,35,34,101,43,66,23,87,42,145,48,49,18,55,23,25,86,37,81,49,159,53,32,36,76,37,26,102,38,31,59,30,21,305,272,937,176,204,393,400,560,2180,129,2273,179,9587,182,264,548
G[C>A]G,160,99,32,1,11,8,51,99,119,136,196,151,91,37,66,83,54,224,122,97,113,296,23,34,45,69,24,55,34,22,146,33,657,391,466,69,444,908,811,539,940,667,2023,646,434,614,466,439,292,354,347,402,399,320,303,410,582,336,555,354,900,26,53,54,38,5,13,5,14,9,10,11,9,7,19,7,23,8,11,2,6,6,27,16,61,8,7,10,5,12,6,11,8,30,22,2,8,5,3,8,21,6,21,6,16,7,25,11,8,7,15,8,3,18,6,26,5,27,7,10,6,13,8,9,38,7,8,13,6,3,62,80,160,33,28,81,95,78,430,21,218,53,649,58,102,25
G[C>A]T,1475,381,135,44,32,126,869,1229,1043,1468,1620,1947,6763,1504,768,5948,2175,24038,963,6170,13054,25839,141,278,359,364,246,333,237,199,1298,339,1236,727,973,342,1084,2021,2046,1249,2374,1382,4094,1389,981,1544,1096,814,665,872,847,885,1103,928,666,859,1148,832,888,563,1984,209,870,879,728,16,44,18,73,35,37,57,39,44,70,57,104,58,54,43,60,56,129,191,233,38,51,61,30,66,17,52,56,171,190,31,36,39,58,25,139,41,83,17,135,45,145,64,59,35,102,28,25,108,34,89,31,190,59,30,32,78,43,35,77,40,31,78,25,22,891,629,1684,200,290,955,985,683,6479,231,16451,357,53497,245,327,2234
T[C>A]A,559,1636,1033,1676,1731,168,245,333,777,689,747,671,23822,12463,165,47830,10843,84127,380,18422,36579,94495,226,530,396,656,372,581,362,383,1252,569,2677,1503,2075,521,2010,3529,3464,1873,4776,2371,7185,2598,4220,2830,1937,1501,1635,1811,1552,1977,1861,1592,1466,1972,2342,1652,1960,1638,4023,284,2113,150,349,85,260,139,247,125,238,339,325,157,409,193,636,263,316,122,480,168,1233,884,1080,251,248,291,164,236,114,158,367,893,376,244,185,182,260,274,1040,227,210,141,351,212,1039,254,391,124,231,163,121,681,147,447,147,398,332,107,164,349,229,275,722,191,160,462,156,131,330,422,206,306,449,284,488,1159,1372,359,434,190,1449,323,301,18790
T[C>A]C,750,1041,515,518,700,279,401,426,609,689,612,535,5015,1296,226,5395,1808,18606,426,4228,7750,16521,169,324,246,493,248,364,218,223,744,365,2506,1448,1718,475,1911,3189,3404,1979,4052,2437,7722,2461,2984,2732,1915,1513,1302,1534,1454,1821,1728,1360,1157,1661,2156,1413,1812,1303,3820,205,522,214,379,99,331,180,218,115,290,367,332,206,472,212,631,283,417,138,628,195,1120,1552,1201,310,228,339,196,238,123,135,409,1133,427,282,208,190,270,317,1229,315,246,126,324,223,1937,211,434,151,229,170,130,960,169,424,129,342,430,120,201,522,262,367,942,224,212,546,199,166,316,363,331,226,343,305,532,919,1332,197,1719,255,9564,202,211,1652
T[C>A]G,87,208,85,92,101,13,57,60,117,101,125,103,719,279,37,1481,241,2854,62,588,715,2625,31,53,47,73,42,59,26,34,148,75,438,286,339,80,299,577,597,355,659,443,1390,470,552,450,317,290,246,294,258,339,267,255,222,285,396,292,376,293,683,23,88,33,32,8,19,12,17,16,19,28,22,17,46,13,57,26,19,14,22,17,95,66,92,23,18,28,15,37,7,14,30,72,38,34,25,19,19,26,97,19,36,11,20,19,102,25,34,14,31,13,13,80,9,31,17,40,39,17,23,33,25,28,73,16,14,53,13,11,56,76,52,41,35,41,80,72,178,36,52,30,115,56,44,415
T[C>A]T,2047,1256,693,620,984,239,1172,1273,1732,2424,2054,1729,216989,84443,782,281651,94456,655929,1266,169593,307317,727224,324,778,684,827,541,826,571,482,2166,985,2768,1667,2065,722,2211,3436,3852,2114,5062,2574,8582,2728,3352,3091,2218,1547,1524,1818,1642,2109,2000,1824,1435,1882,2462,1645,2126,1392,4118,486,4401,820,1109,118,281,141,250,148,266,330,267,268,504,201,523,342,308,118,789,237,1058,1996,1032,334,224,319,195,276,128,196,350,1007,736,256,184,179,264,273,1253,218,235,112,437,265,2091,293,406,119,293,168,134,1137,143,421,212,510,358,152,205,490,262,245,803,215,190,652,226,119,1008,1108,909,445,699,792,1523,1414,5054,553,15426,620,64749,659,611,118507
A[C>G]A,376,420,224,111,143,118,330,334,301,347,226,255,415,67,242,324,104,2994,267,715,436,1271,114,133,144,341,184,139,160,165,343,165,1143,554,871,263,579,1373,1357,708,1656,687,1375,733,1015,817,466,655,568,708,536,719,691,806,532,604,943,598,596,377,1501,180,835,126,250,35,70,64,86,64,103,87,97,60,129,82,178,58,117,50,70,80,398,245,783,94,137,111,51,91,34,63,116,294,203,57,59,89,57,70,229,70,81,49,139,68,226,59,160,63,94,45,47,214,66,183,59,255,114,51,85,109,83,70,245,53,63,135,74,54,161,276,149,151,226,136,256,712,583,146,559,257,538,345,233,99
A[C>G]C,281,191,132,41,43,78,95,125,123,130,93,111,147,39,107,195,65,941,128,253,187,727,115,76,92,209,93,81,118,89,212,98,452,251,335,187,239,520,597,277,709,249,596,295,448,349,216,290,239,268,256,348,268,314,258,306,387,271,237,216,567,101,510,68,149,26,48,31,38,44,45,49,70,46,71,54,123,35,84,39,63,56,230,196,471,64,60,56,49,46,29,69,77,200,92,43,43,55,32,34,172,49,57,34,78,46,144,39,116,23,64,42,33,156,54,119,43,189,68,39,58,89,58,53,155,34,45,93,51,35,82,82,117,107,140,77,133,396,426,99,288,70,251,108,121,54
A[C>G]G,37,73,43,8,9,22,19,32,32,33,25,19,7,4,15,12,7,32,21,14,30,90,14,21,32,112,23,19,45,34,47,25,294,126,164,32,87,232,250,135,304,109,334,116,196,149,83,138,119,197,182,107,126,159,89,136,183,125,124,78,239,24,133,7,30,16,27,32,24,12,31,26,49,19,52,31,93,27,40,14,41,24,136,70,96,35,39,51,19,24,14,13,35,124,39,32,51,32,40,18,84,21,30,16,36,18,65,18,44,13,42,14,14,72,28,70,17,56,56,24,26,35,29,56,114,32,19,45,22,27,2,16,12,32,26,13,20,88,44,35,22,26,31,25,38,12
A[C>G]T,581,428,226,119,128,147,283,295,265,281,191,218,131,64,242,208,78,1630,346,218,338,979,242,173,147,378,182,175,160,177,636,196,724,398,583,375,393,885,884,477,1197,392,888,426,830,577,326,446,434,523,427,553,481,583,377,494,607,470,387,294,983,222,1058,129,254,44,90,58,99,68,133,102,169,82,136,108,229,54,150,51,153,106,435,612,634,102,125,129,69,83,45,113,131,500,188,79,60,88,98,84,381,90,110,52,117,75,345,82,207,53,108,64,62,359,83,219,67,234,144,90,110,176,109,92,261,63,77,160,85,84,133,192,207,179,401,162,207,869,705,209,272,207,407,289,335,73
C[C>G]A,147,350,237,113,181,64,21,61,75,60,44,54,26,10,40,30,31,77,49,44,41,277,88,105,114,309,104,73,121,100,228,103,925,396,630,172,355,982,1060,519,1146,490,1327,491,930,613,366,483,483,530,399,533,443,518,350,529,639,412,573,366,1038,226,505,23,174,22,57,34,45,39,66,55,91,41,80,59,124,57,63,24,92,56,255,128,328,51,53,71,38,54,13,40,75,220,61,43,42,54,51,44,236,39,50,33,64,45,169,56,95,25,89,39,35,155,40,155,61,139,95,21,48,105,57,57,175,45,42,89,36,35,36,33,46,104,131,38,52,484,145,99,23,20,36,20,20,20
C[C>G]C,105,216,164,30,32,63,26,50,79,68,32,53,18,13,28,31,24,60,41,30,40,228,66,54,100,262,93,49,97,68,158,76,748,352,486,161,304,688,808,389,857,419,1270,401,626,501,283,455,361,421,376,463,374,408,272,444,528,313,444,254,810,197,350,28,136,24,63,38,40,33,72,73,89,47,85,52,129,68,92,32,105,52,256,303,330,44,53,70,42,50,22,26,90,254,74,52,35,52,37,60,252,57,50,31,55,49,398,39,99,23,62,36,34,226,50,219,98,136,70,26,42,142,55,58,163,42,41,119,49,41,21,39,53,94,105,33,53,395,158,77,30,22,45,34,26,18
C[C>G]G,57,130,189,5,16,6,20,27,30,37,17,17,7,4,22,11,4,14,22,13,13,77,12,24,17,81,20,19,28,22,29,37,351,167,223,35,115,319,315,159,357,182,540,164,285,205,124,198,181,185,155,174,108,184,139,182,225,144,177,92,331,27,84,9,36,13,51,40,38,21,43,62,83,28,76,37,133,46,85,31,74,22,253,117,147,58,34,38,30,33,20,19,57,194,54,48,55,38,23,44,161,40,44,30,32,43,140,15,59,29,47,18,23,132,32,74,33,44,100,17,35,58,50,59,201,33,36,92,53,22,11,18,19,50,27,16,27,66,44,28,22,26,22,30,16,11
C[C>G]T,235,416,319,139,194,80,39,82,102,77,56,94,30,12,44,59,36,140,85,59,83,436,143,128,161,424,141,119,146,139,342,145,761,448,544,249,331,920,909,432,1270,442,1262,469,925,587,369,518,443,527,384,529,440,532,383,551,643,377,462,316,920,346,690,31,219,31,68,48,70,47,88,76,108,67,132,65,212,122,102,37,250,101,338,699,383,73,85,106,63,63,25,69,117,488,93,57,69,77,84,103,432,77,81,42,105,51,779,83,154,37,88,38,52,393,67,394,175,164,90,43,94,220,84,67,203,55,63,195,65,52,38,49,79,181,207,83,80,743,270,161,42,28,69,46,53,35
G[C>G]A,190,219,82,43,55,39,65,90,78,99,72,68,228,57,51,174,59,1424,69,359,222,623,46,58,71,183,67,51,77,82,141,69,656,279,437,102,358,867,790,405,823,354,985,391,498,490,305,360,331,359,353,326,372,431,282,374,539,358,380,223,823,95,434,35,106,10,30,18,31,32,33,23,27,21,50,29,75,21,35,21,33,24,110,63,272,18,32,39,17,24,10,30,29,102,64,25,30,37,27,18,79,28,27,14,49,16,69,19,47,7,40,7,19,74,29,69,21,85,49,18,24,40,21,25,59,18,19,47,27,12,41,58,100,70,83,44,81,321,316,64,689,43,469,61,60,82
G[C>G]C,525,168,91,36,31,63,171,182,159,211,130,120,217,45,142,237,66,722,298,215,294,845,117,76,91,177,79,62,97,82,302,72,563,278,367,156,271,598,633,338,799,385,905,339,425,415,256,304,237,309,254,352,347,332,278,344,471,288,278,234,652,100,590,80,175,19,37,26,38,40,54,34,53,31,62,45,75,39,83,31,100,57,139,211,259,54,53,64,31,34,20,73,41,336,100,33,37,45,29,28,160,55,38,19,47,39,172,27,87,27,42,21,13,169,38,148,52,114,60,42,52,79,41,37,107,35,31,72,56,31,80,145,349,70,146,103,171,396,826,60,501,109,383,174,145,64
G[C>G]G,47,53,28,7,5,11,11,23,27,24,21,16,5,2,16,3,4,12,15,3,11,57,7,13,18,43,7,10,16,17,24,7,320,139,213,28,104,276,280,158,272,146,441,160,201,157,108,169,100,121,129,137,135,123,75,143,207,91,137,104,296,7,92,7,21,6,31,21,16,6,20,18,30,11,36,17,47,24,17,6,31,14,83,39,83,23,17,27,14,11,9,7,18,71,25,22,33,15,15,16,69,10,8,5,22,20,43,11,31,7,12,12,11,59,16,49,13,23,32,14,15,24,20,33,66,23,12,28,21,12,7,22,32,14,16,17,23,47,66,13,28,19,22,20,13,11
G[C>G]T,292,261,150,74,89,83,130,167,142,133,91,124,177,69,106,291,60,1247,191,157,263,973,89,92,118,293,93,71,129,103,256,119,420,226,302,215,281,574,635,337,759,264,705,336,535,361,257,267,264,362,314,293,313,348,238,271,386,283,253,193,620,129,1121,58,187,17,40,43,52,34,88,51,75,33,84,56,131,43,86,17,119,43,255,324,352,66,87,81,35,37,23,51,79,331,93,43,45,58,50,54,211,48,51,29,74,37,241,40,100,27,60,38,25,191,46,149,40,120,94,37,58,128,48,43,174,41,34,112,46,39,64,123,125,106,154,71,120,533,336,87,472,70,484,114,145,78
T[C>G]A,404,4437,4221,7658,9790,142,59,120,143,121,106,104,57,20,51,58,103,189,117,112,138,560,280,1717,269,1584,514,396,220,446,609,1099,1526,767,1094,193,642,2593,1627,656,6218,595,1429,1048,13873,887,1161,573,2568,2194,743,2650,836,1166,1713,1384,968,741,1063,3316,2559,172,1829,59,380,70,64,49,160,89,96,77,100,52,104,81,183,82,108,42,172,136,358,298,536,72,128,112,62,55,47,155,86,314,99,54,54,97,90,68,222,81,87,48,107,71,255,89,174,40,155,61,61,232,71,312,69,241,112,57,96,196,73,51,200,52,67,132,86,106,35,50,123,302,545,85,87,1607,437,437,63,32,86,79,82,34
T[C>G]C,275,1197,931,1576,1877,148,40,83,115,112,76,75,60,26,52,72,46,195,104,82,93,485,143,415,189,573,232,143,140,171,335,314,974,500,605,216,454,1166,1074,524,2253,433,1225,577,3138,633,503,495,884,834,522,1013,534,636,625,740,761,471,643,860,1263,142,1001,54,264,57,99,56,132,77,131,104,144,72,174,81,282,147,159,61,213,138,462,652,625,107,118,152,82,73,63,111,159,608,126,97,88,101,77,106,439,128,93,76,122,92,813,84,213,40,96,68,57,400,95,403,184,252,167,52,123,250,119,109,337,82,86,225,106,87,40,37,101,154,271,74,68,1049,396,203,58,38,54,58,67,30
T[C>G]G,43,296,228,243,333,15,3,16,21,13,10,12,6,2,3,12,14,14,10,15,13,49,23,143,33,114,42,30,27,35,39,53,191,113,145,38,89,261,242,97,415,93,319,135,675,150,94,116,170,218,118,193,109,127,108,177,149,95,124,182,308,12,123,8,29,16,33,25,24,13,22,34,36,27,34,23,64,27,28,10,37,13,142,77,104,28,33,34,24,17,18,20,36,116,39,30,37,24,20,30,90,18,24,15,17,24,75,9,36,14,21,12,14,65,22,54,10,38,49,17,19,58,28,45,88,29,25,58,27,22,3,8,15,24,41,7,20,121,48,25,15,14,19,27,24,9
T[C>G]T,957,5995,5027,9019,12261,268,195,366,332,274,275,237,151,83,188,263,149,525,352,176,311,1281,599,1923,428,1833,756,571,435,693,1284,1359,2006,1062,1406,467,912,3049,2082,825,6956,768,1722,1180,16534,1261,1418,884,2779,2583,1033,2848,1037,1447,1798,1958,1222,1056,1331,3533,3132,346,2514,155,615,115,190,102,286,160,294,172,309,160,309,186,454,179,339,96,599,270,885,1788,931,216,241,266,156,111,108,281,262,1175,238,157,155,186,215,198,781,170,183,122,279,147,1241,170,449,91,283,153,140,940,164,841,235,412,270,146,229,563,211,167,563,136,151,428,193,170,138,188,302,471,1103,213,263,2803,1108,733,148,199,155,330,292,99
A[C>T]A,5917,662,625,303,295,6810,5746,5240,3635,5620,3373,2712,1611,578,3406,1541,642,9668,4373,1918,2383,5038,209,323,515,651,537,510,685,424,499,414,1451,945,1178,805,724,1711,1535,620,2238,793,1999,914,1302,1054,646,911,805,916,696,961,818,1083,855,947,1190,826,802,665,1647,619,2017,1946,430,96,228,134,249,174,196,263,212,150,362,160,541,161,266,118,243,142,732,467,955,207,268,228,114,181,75,189,281,673,1982,193,151,198,163,170,604,211,224,129,208,176,491,173,291,132,269,136,126,513,164,349,174,387,316,95,160,269,189,262,668,144,154,360,137,117,2028,3648,2703,438,546,1382,4151,913,7732,314,25685,4568,35277,895,1979,645
A[C>T]C,2557,309,335,86,88,27693,1476,1345,1031,1618,1085,1190,2753,976,1149,2508,1196,11962,2018,2962,3493,7588,120,140,242,323,244,257,323,183,263,226,650,434,471,397,314,696,763,339,932,422,1046,395,677,468,293,515,316,353,312,470,378,427,388,513,488,347,451,308,663,314,1067,773,297,1325,4066,2038,1529,1130,2895,2498,2304,1817,5619,2611,6687,2019,3971,1175,6577,1494,9101,13022,4983,2947,1483,3294,1299,1285,946,881,3272,10279,2939,2226,2021,2179,1611,3216,8372,2520,1132,1294,2120,2570,11285,1164,2800,1199,1088,1247,1029,5875,1417,4066,1176,1718,4258,1593,1698,4820,2608,4498,5183,1609,1938,5899,1755,1236,686,977,1308,244,225,588,1295,463,5172,171,15580,940,25847,399,650,1111
A[C>T]G,9018,246,409,141,143,2106,11764,10953,4768,5642,4305,4213,8210,2500,4768,6099,3060,18004,4231,9612,8309,14115,372,391,429,691,709,1374,539,479,1350,1329,398,389,323,509,243,417,530,313,734,325,567,275,593,397,237,241,297,316,348,882,288,400,246,293,346,274,338,338,436,405,1140,8370,597,80,158,83,167,194,164,144,120,191,246,163,259,99,237,119,123,136,363,230,270,125,263,116,88,151,84,165,154,418,1987,165,180,251,110,104,360,187,229,164,187,138,261,131,216,109,254,140,130,224,133,266,174,216,196,108,155,146,107,185,318,193,137,222,162,103,4082,6971,7704,758,769,2018,4404,705,9469,646,45493,3861,45969,818,2565,3106
A[C>T]T,2258,430,411,115,126,21443,1589,1408,1197,1913,1094,1244,3858,1425,1244,4414,1799,19978,2103,4028,5175,13642,152,190,276,580,359,365,393,349,344,360,857,599,681,809,494,1074,978,430,1509,471,1070,481,826,610,401,586,497,583,437,558,511,674,548,625,650,490,464,374,935,432,1576,776,298,515,1922,752,810,468,1360,1205,1067,905,2450,1086,2701,930,1853,578,2833,644,3349,7665,2454,1145,864,1220,676,667,437,500,1535,4185,1970,1102,910,946,1077,1653,4281,1321,817,670,917,1167,5402,676,1533,629,561,604,513,3387,574,2217,506,649,2129,824,866,2608,957,2310,2564,762,899,2769,650,569,700,1074,994,345,318,652,1258,719,3576,216,14005,1141,27627,351,706,1766
C[C>T]A,1544,725,802,580,645,5947,1048,947,769,1163,899,752,1071,229,683,905,261,3820,1509,1509,1312,2599,188,281,436,583,460,507,525,356,441,348,1412,1003,1079,1415,842,1721,2113,872,2742,963,2270,983,1555,1178,741,958,809,813,746,1042,815,1285,817,1085,1222,838,887,745,1627,436,1531,465,384,4468,11713,6076,4847,3008,9451,7177,6277,4688,17880,6729,25303,5771,12178,3152,19234,3852,32329,43362,15678,8795,5131,8763,3797,4060,2650,3166,9451,25641,9673,6359,5350,6545,5398,11353,27645,8183,3953,4192,5745,6669,40388,4055,9057,3519,2769,3323,3389,21612,3995,15315,3644,3785,13035,5213,5090,14875,6687,14942,17948,4583,5691,19951,5125,3238,481,657,717,416,512,383,908,666,3255,299,2771,624,4664,372,396,215
C[C>T]C,2267,449,478,141,138,29496,1143,1109,885,1459,993,952,1569,365,868,1325,406,5981,2873,2245,1868,3849,142,182,306,380,327,340,336,221,354,267,1111,802,846,732,669,1321,1553,684,1846,752,1951,713,1160,831,572,813,526,511,541,757,633,819,612,833,901,592,679,576,1122,328,1140,592,374,5350,14441,7729,5663,3737,12335,8987,7656,5690,20849,8178,36107,7879,13629,3624,23394,4948,43860,48098,19390,10527,6508,10702,4765,4869,3097,4300,12097,35914,12191,7873,6989,8497,6107,13080,32531,10964,4505,4964,7001,7798,46455,5651,11827,4133,3404,4106,4584,27793,5564,23057,5218,4281,16198,5089,6314,16984,8161,17388,23994,5740,6975,22830,6650,3854,679,820,1101,279,354,459,1109,567,5950,230,10440,743,13568,557,530,368
C[C>T]G,5797,293,401,123,236,1211,8916,8178,3628,4338,3440,3065,4117,982,3313,2586,1158,8592,2979,5827,4066,6979,271,325,294,487,558,894,442,361,878,1004,448,360,347,469,241,491,616,273,676,280,582,278,615,383,240,320,307,280,283,959,293,395,283,334,377,285,361,308,496,326,977,5886,437,507,1487,799,588,468,1129,1187,924,784,2494,783,3592,867,1593,467,2290,684,4747,5960,1962,1225,777,1229,660,586,380,502,1471,4003,2837,941,793,927,572,1357,3903,1150,668,585,933,831,6164,518,1449,588,579,596,513,2984,575,2305,587,660,1689,612,850,1879,1020,1724,2963,761,865,2948,839,484,3114,5523,5115,575,555,1533,3536,494,8296,431,18574,2680,21183,798,1738,852
C[C>T]T,1889,741,715,283,330,20691,1202,1069,918,1433,999,975,2388,552,886,2197,646,10335,3633,3375,2879,7000,190,277,309,591,421,400,495,373,468,370,1684,1063,1334,1857,950,2300,2197,1039,2917,1111,2778,1119,1534,1275,824,1189,847,942,763,1035,900,1277,949,1258,1306,912,930,759,1817,528,1640,519,458,4557,13074,5763,5026,3185,10550,7315,6720,5394,18829,6894,26111,6909,12161,3162,23160,4380,29827,52352,14703,9069,5311,9726,4392,4237,2732,3640,10032,29632,10023,6618,5672,6848,5663,12251,29831,9076,4270,4245,6161,7000,48271,4833,9786,4035,2910,3522,3796,25227,4392,20035,4392,3550,13714,4998,5466,17453,6358,15122,17330,5077,5945,22230,5334,3373,616,794,780,429,445,492,1056,963,4849,250,9043,812,11912,565,554,543
G[C>T]A,6465,498,482,312,292,6127,5297,4276,2975,4906,3281,2901,6318,921,3067,2010,1358,8866,6033,5411,4984,8352,139,230,353,424,353,389,389,241,364,320,860,629,682,848,440,1170,953,354,1399,427,1149,460,905,542,376,553,495,625,474,603,551,649,554,638,662,641,627,437,1043,471,1693,1889,360,64,165,100,137,113,111,160,142,93,214,122,351,102,186,68,166,92,475,263,768,131,170,136,82,113,62,91,173,415,2046,129,95,133,122,102,349,127,133,65,129,96,247,111,158,72,201,93,75,298,135,264,98,275,201,74,114,158,98,179,401,76,98,232,114,79,1989,2946,4712,324,389,1278,3700,664,10680,209,44939,3587,52638,474,1509,831
G[C>T]C,9135,360,392,98,133,22610,4414,4705,3267,4831,4815,4507,20339,3534,4028,7760,5462,23946,10322,16847,18689,28791,180,196,337,364,288,405,284,190,433,308,679,463,494,639,316,819,701,358,941,359,1005,419,636,466,333,497,403,460,370,491,404,395,407,492,520,439,453,376,664,473,1999,2957,589,820,2657,1308,909,746,1870,1513,1457,1280,3413,1932,4451,1399,2610,764,4081,1035,5642,8852,3291,1817,1024,2112,912,849,530,591,2115,6773,2877,1369,1416,1451,1030,1941,5203,1671,771,855,1439,1676,6911,823,1808,875,834,753,672,3766,955,2999,803,1217,2750,1069,1192,3263,1734,2875,3001,1066,1333,3892,1161,890,3676,3195,7394,290,309,2183,4448,578,18376,237,52423,3076,55753,984,2072,3280
G[C>T]G,10268,226,296,114,160,1659,10662,11813,5906,7965,9896,7656,32010,5115,5717,9315,7373,22558,5976,28688,25677,32137,384,379,452,637,658,1258,526,371,1298,1179,385,316,288,518,193,400,420,285,581,209,428,265,464,297,205,229,266,265,253,733,221,250,236,265,305,271,350,282,358,520,2033,8205,1345,65,158,97,104,164,149,112,113,154,186,161,204,102,189,100,101,111,256,207,236,114,160,104,65,108,45,167,118,306,2202,144,126,203,69,85,260,153,145,144,195,115,205,107,194,94,192,98,90,212,116,209,207,192,139,153,126,136,92,187,261,161,116,132,140,75,8209,7558,12323,758,716,3524,6259,714,16808,575,87762,3927,62116,1707,3072,4345
G[C>T]T,5510,408,402,165,158,15693,3227,3166,2226,3467,3025,3323,24801,4126,2824,10212,6435,29330,7961,19307,22757,38918,154,219,297,412,268,393,281,222,409,345,740,529,602,1132,366,972,819,408,1186,428,964,424,659,546,362,487,400,505,361,538,442,461,505,519,555,508,495,335,801,607,2504,1896,399,948,3026,1168,1138,697,2101,1737,1309,1405,4212,1903,3504,1113,3270,864,4315,978,4465,13392,3654,2174,1142,1804,709,953,665,834,1962,5333,3027,1453,1135,1555,1481,2931,5781,1865,1017,887,1502,1697,10577,862,1959,892,729,808,649,4638,975,2565,880,839,3346,1509,1152,4624,1413,3843,3425,1054,1504,5485,1119,754,2204,2094,4659,323,270,1543,2689,669,11551,245,34845,2570,43173,615,1570,3752
T[C>T]A,2701,6065,10012,17364,17984,7111,1002,1050,806,1126,866,724,7909,1153,653,3525,1539,11735,2306,6003,5196,10445,372,2179,712,2773,1521,1683,1204,1977,784,1680,1888,1297,1449,1017,1127,3787,3310,757,8100,926,1576,1367,13570,1222,1462,1022,3917,2312,846,2897,1022,1317,2512,1920,1234,1177,1630,5088,3186,577,4539,493,401,12592,37218,17469,13911,10371,27148,23585,13081,14065,56225,25681,50400,11625,49226,9681,54526,10781,65429,176558,48585,27910,13758,23789,8117,12054,8527,9734,24331,60506,24376,18029,13865,19657,17594,39783,69528,22710,11672,11870,16515,21269,145758,9687,23966,9540,6477,8804,8148,51289,11905,22635,10342,9776,42945,19257,12232,55163,17725,45144,45619,11331,16203,68425,14486,9148,481,655,1146,697,1493,394,952,1807,3961,857,5421,656,8823,450,455,920
T[C>T]C,2477,1408,2177,2807,3444,35894,932,1121,851,1155,1053,856,22845,3508,754,9261,4917,28396,3140,18090,15475,28082,261,645,529,970,813,861,890,671,623,662,1156,805,836,632,698,1633,1817,653,2933,721,1494,791,3382,820,685,737,1159,863,567,1158,676,754,1003,978,845,688,789,1314,1442,507,2702,545,351,20371,68398,35454,24460,17620,44552,44654,25774,22311,91941,43829,103812,23139,81458,15510,84168,19282,133382,245413,96757,50246,24838,42915,15228,21862,15874,18348,45111,122733,42534,33952,26297,34721,31017,63009,111598,40872,20268,21428,31069,36383,199894,18142,43559,15144,11999,15016,15758,83252,24629,46314,18545,16955,76264,25334,22716,78436,34080,77659,90628,18809,26846,98326,28151,14856,680,691,1379,513,819,478,1079,1020,4835,510,10271,708,15130,593,552,2811
T[C>T]G,3805,793,1251,1164,1828,1123,4756,4233,2046,2290,1797,1711,127415,18777,1772,48866,19213,96494,1686,95589,58506,109102,232,448,230,532,501,717,333,390,625,789,281,215,219,289,167,483,566,146,892,178,302,218,1751,266,178,166,473,290,195,628,150,213,319,324,216,201,282,686,467,218,925,3070,241,4727,12786,6108,5033,3425,9540,8288,5741,5293,20290,8097,20555,5012,14266,3634,18467,4270,27440,42201,15058,10784,5008,8515,3353,4305,2906,3279,10149,22834,9888,6968,5445,7423,6030,11985,27423,7635,4059,4048,6781,7351,44857,3571,8941,4009,2979,3410,3161,21944,4369,11131,3448,3678,14442,7174,5534,15186,7157,16009,19752,4761,6457,24164,5743,3831,1744,3045,3355,412,435,820,1816,408,4335,378,7770,1567,9441,354,970,17866
T[C>T]T,2926,3067,5417,7993,9038,28649,882,1191,787,1128,1021,909,53685,9836,724,26052,12843,72628,2825,38207,35411,73856,338,1315,595,1716,1296,1292,1179,1305,807,1126,1621,1061,1371,1350,1013,2805,2673,898,5392,921,2001,1159,7284,1215,1019,961,2266,1426,679,1721,898,937,1629,1532,1208,1003,1207,2780,2276,664,4294,585,423,7398,23126,9752,8707,5601,17029,14213,10482,10083,32258,13303,35783,9688,23368,6131,37222,7203,43249,104462,27353,16155,9102,14598,6584,7165,5215,5894,16906,46004,16445,11300,9541,11594,11033,22680,48595,15235,7672,7051,11007,12610,82872,7289,16850,6712,4588,5833,5729,41739,7064,25759,6859,5746,24185,9725,9134,32570,10922,27351,31634,8219,10677,36940,8936,5871,671,660,1169,714,1140,503,963,1425,5123,711,9419,676,14447,659,552,8069
A[T>A]A,2628,596,197,54,33,196,174,465,254,322,253,237,1018,316,214,720,342,2745,1018,1037,934,2400,144,158,146,277,199,170,267,197,360,182,1122,674,622,1877,652,972,983,410,1353,570,1960,604,876,690,456,676,395,524,594,733,453,657,625,933,780,522,611,442,1122,350,606,238,331,201,736,286,361,207,588,556,658,312,872,432,1217,315,860,120,1185,284,2194,4598,1711,503,446,578,264,252,183,157,546,1934,719,382,308,335,542,558,1700,456,289,221,443,488,1918,391,609,200,238,248,214,1338,296,814,217,328,766,202,292,853,419,636,1622,328,368,854,354,173,226,161,612,199,261,186,569,622,5817,155,459,248,597,1164,1328,257
A[T>A]C,2641,223,120,24,32,112,290,466,304,478,474,414,370,108,283,327,169,1337,1103,379,524,1241,136,135,202,218,175,194,219,140,251,159,316,197,200,621,227,338,392,214,517,232,735,232,337,317,181,182,154,240,196,237,210,195,190,304,241,205,253,166,365,250,940,430,224,57,191,89,132,86,168,159,187,103,252,166,341,86,254,51,311,90,501,1127,523,142,138,180,74,98,69,77,151,527,271,111,112,106,148,191,472,140,133,81,166,141,603,79,189,84,97,75,47,429,92,230,73,182,224,96,86,299,131,187,414,107,131,253,101,71,425,220,1377,193,161,306,680,456,9414,134,582,234,1039,323,376,117
A[T>A]G,374,372,134,39,22,114,112,167,156,180,147,172,68,33,113,97,58,560,430,116,149,550,111,115,147,271,175,149,150,177,213,141,817,527,520,1168,536,953,1033,535,1268,586,2200,647,705,753,436,481,408,488,464,638,440,438,487,711,681,447,596,431,1010,151,343,108,173,70,251,117,203,89,233,217,310,129,326,167,524,122,273,63,385,104,748,1039,618,169,156,216,101,111,76,101,189,701,239,130,168,138,229,244,518,214,154,94,191,184,586,130,173,96,119,105,71,353,150,453,108,178,310,91,128,385,164,256,561,107,138,263,126,83,93,108,150,166,191,108,178,527,1106,99,122,75,208,312,547,65
A[T>A]T,2713,508,209,49,27,182,1825,2202,1610,2302,1698,1789,3678,1670,1576,3661,1553,16454,3132,4316,5960,10941,365,519,505,543,567,543,795,423,758,471,634,461,377,1139,392,632,737,317,1008,358,1160,414,651,498,311,362,348,464,424,495,349,389,417,543,560,366,524,328,708,645,2067,971,965,457,1619,846,992,448,1378,1761,1638,765,2475,1017,3004,758,2053,356,3345,595,5240,7067,4053,1588,928,1311,669,623,541,350,1481,4352,2056,1067,873,766,1345,1779,4291,1198,746,445,1220,1113,5777,598,1305,573,588,647,493,4636,670,2193,473,647,1873,580,710,2104,992,1711,4689,869,931,2367,1044,475,1273,1461,1580,551,499,912,1842,848,7827,471,5232,1264,6323,2346,3204,1854
C[T>A]A,420,541,112,26,20,101,35,144,138,148,98,104,100,35,84,162,57,1053,284,124,224,971,107,105,153,226,164,115,212,164,280,110,1118,590,685,851,664,1172,1359,541,1509,628,2657,635,999,798,501,611,408,535,628,797,540,659,558,970,875,499,590,476,1270,231,308,63,167,47,135,65,118,44,138,109,147,55,188,89,323,107,150,41,213,77,458,494,370,100,102,141,69,83,52,67,130,399,149,101,71,75,96,118,426,109,121,64,108,78,586,97,128,50,85,53,63,365,87,220,86,142,157,52,70,240,97,105,437,87,80,230,77,52,47,49,96,171,213,91,97,534,923,143,76,49,132,235,437,54
C[T>A]C,670,369,81,18,15,112,302,515,326,423,335,396,135,51,453,241,88,2320,544,197,409,1730,544,706,983,422,690,490,1046,518,887,400,785,475,539,1292,472,787,1052,433,1118,458,2241,443,748,601,336,415,365,392,387,524,399,394,378,585,576,339,470,320,838,656,412,376,244,59,142,61,107,62,154,119,184,135,284,108,260,87,174,39,347,84,591,853,394,179,113,239,68,65,44,49,178,558,185,107,66,108,112,165,835,120,115,34,159,110,1100,86,215,73,100,69,80,924,58,255,122,179,187,76,91,313,154,89,424,98,102,385,95,73,228,251,411,721,595,359,390,674,2456,620,743,212,2680,318,494,105
C[T>A]G,343,592,131,19,12,121,60,200,181,199,121,179,88,49,132,243,65,1647,429,136,284,1145,233,291,457,392,354,195,489,279,393,220,1749,987,1131,917,1072,1916,2507,1088,2462,1234,5929,1217,1547,1451,853,1048,736,794,909,1206,952,776,723,1384,1368,834,1122,825,2003,351,331,109,172,40,96,45,118,50,115,97,117,51,146,76,360,73,110,25,125,72,329,290,290,85,75,156,53,54,33,74,90,361,139,80,58,84,109,106,315,89,121,50,88,70,399,88,102,43,68,39,57,265,69,209,53,147,123,47,68,213,96,78,292,43,63,165,84,49,78,88,110,324,351,138,135,769,941,298,133,80,266,257,645,72
C[T>A]T,450,639,102,27,14,156,151,481,374,289,259,396,267,161,274,624,224,5245,338,450,934,4247,1913,2304,2145,968,2138,1387,2434,1756,2415,1193,1049,606,656,1160,685,1091,1278,472,1365,576,2367,551,1148,722,402,572,529,619,603,736,556,645,491,849,785,465,720,404,1110,1457,520,367,232,108,304,99,193,86,348,349,384,192,452,157,632,180,387,63,897,263,1159,2921,777,336,264,616,124,126,110,100,342,896,272,222,131,152,305,391,1493,177,215,93,280,212,2504,145,316,95,120,162,155,2251,110,469,176,254,356,133,154,717,198,158,1216,192,180,647,236,135,147,185,155,1924,1388,574,427,1090,1215,1584,665,100,1605,175,425,275
G[T>A]A,499,318,83,21,4,49,45,118,89,105,78,83,166,37,91,106,53,376,576,202,151,453,66,64,79,160,78,68,104,95,146,68,765,478,493,489,438,777,866,369,1103,436,1759,461,678,525,315,423,321,377,411,559,348,421,396,579,592,385,478,355,831,113,216,59,135,46,124,60,97,44,97,125,118,63,139,93,266,69,160,30,188,57,285,943,310,90,87,119,63,49,37,49,108,330,152,86,60,79,102,102,335,104,95,48,90,105,418,84,99,58,60,53,44,221,82,156,71,93,167,60,76,180,88,114,277,66,74,180,64,58,76,59,147,95,120,79,151,303,1979,88,90,79,151,387,717,54
G[T>A]C,1036,169,75,14,4,67,142,254,155,211,264,269,166,44,196,149,64,929,974,199,266,871,144,214,215,163,205,144,306,143,261,132,298,182,182,280,162,297,363,159,393,183,687,214,287,228,130,155,135,143,190,191,145,129,153,235,238,162,167,144,287,220,354,228,156,26,70,24,43,36,65,59,70,64,99,59,113,41,103,30,109,39,179,347,150,64,50,72,38,55,24,33,58,199,114,44,28,39,51,54,204,54,57,22,57,50,264,33,72,34,37,24,30,203,40,67,36,85,66,27,42,96,69,56,137,30,31,104,48,23,261,140,641,212,194,176,325,246,6350,158,727,94,2622,165,254,77
G[T>A]G,478,343,105,20,8,64,164,236,153,173,162,168,29,13,169,51,31,167,659,60,67,285,88,92,160,195,148,104,177,106,168,124,874,567,576,426,492,974,1148,527,1230,537,2352,573,761,722,413,511,366,425,526,631,483,473,441,747,707,416,597,446,985,143,217,91,143,41,99,64,116,55,96,109,119,50,142,89,291,60,140,26,127,55,239,476,357,80,91,113,48,53,40,46,86,316,159,88,60,73,108,93,238,123,129,72,59,80,206,62,92,49,63,48,43,149,89,150,45,102,150,58,52,134,106,116,232,56,58,135,67,30,118,162,186,145,134,108,215,346,1667,121,121,152,169,395,635,24
G[T>A]T,640,328,91,24,12,106,239,333,234,307,241,271,249,143,241,388,143,2204,632,364,571,1888,380,484,535,393,478,335,630,411,584,300,524,340,317,447,281,556,585,237,708,284,1052,309,570,385,217,322,248,365,337,360,297,301,270,460,429,260,329,272,509,355,444,198,217,58,215,81,132,53,194,294,255,97,302,146,346,102,258,47,444,120,710,1520,582,207,162,201,92,92,66,63,241,598,264,137,137,88,192,227,804,154,173,63,177,135,1049,93,192,70,96,79,89,1011,92,204,81,152,238,102,103,313,188,164,813,120,116,352,168,69,154,193,262,418,346,219,314,556,2273,383,771,144,1272,252,415,213
T[T>A]A,1664,609,224,30,30,136,613,1062,795,793,805,670,1154,483,568,1327,593,4015,979,1129,1869,3920,270,311,260,380,362,379,536,281,747,386,1020,614,603,1272,670,943,1018,412,1282,479,2008,551,959,665,388,605,468,509,623,743,495,705,647,984,837,527,738,488,1143,384,1563,481,370,137,387,240,297,125,432,555,587,189,546,238,925,360,512,148,730,206,1799,1572,1120,416,294,473,293,247,160,163,518,1222,708,408,276,250,334,414,1641,328,283,213,351,314,1830,235,577,177,258,229,192,1635,217,556,181,371,483,156,252,612,394,394,1382,291,219,820,264,188,594,516,763,399,505,467,779,656,3526,374,461,446,599,881,1132,629
T[T>A]C,702,226,89,14,6,100,95,168,132,142,149,155,367,146,90,512,168,3116,364,536,678,1960,157,227,292,237,281,202,424,216,329,160,388,222,238,941,239,370,481,191,590,238,970,244,414,284,181,239,205,253,223,309,227,261,282,351,283,249,318,226,466,244,332,109,131,78,239,96,115,67,295,285,325,160,390,149,510,248,283,80,660,164,1114,1436,566,245,198,244,150,130,85,55,324,821,272,213,154,142,170,263,1485,179,133,77,203,170,2148,120,358,120,95,133,114,1520,92,316,143,204,283,108,130,468,194,185,812,174,158,612,176,118,103,95,303,276,261,137,206,403,2215,229,338,73,1352,140,265,214
T[T>A]G,310,279,111,24,13,84,50,158,84,71,63,122,265,155,71,646,109,2491,290,353,493,1863,109,120,183,190,133,107,203,154,239,99,620,414,470,684,402,804,864,328,1018,429,2047,514,590,575,332,385,305,344,389,486,384,431,387,587,532,417,502,351,793,180,269,57,109,53,128,61,105,53,138,166,240,72,206,58,427,168,170,32,277,64,645,575,376,111,121,180,91,76,42,43,176,487,202,116,93,77,119,131,653,123,134,65,121,77,952,79,189,60,59,48,82,635,95,217,85,110,139,59,77,267,156,101,520,88,69,286,107,60,67,72,81,142,171,73,85,367,638,127,75,76,128,257,503,312
T[T>A]T,1065,585,197,31,24,250,527,873,614,707,536,545,2196,1186,458,4674,970,20827,687,2748,4193,12896,688,870,823,575,959,751,1276,675,1133,622,820,575,465,1195,523,842,803,301,1020,386,1325,425,933,543,310,497,478,620,564,605,453,516,617,751,719,437,568,390,850,888,910,407,423,452,1606,517,721,306,1916,2361,2541,868,2283,835,3620,1197,2161,270,5138,844,8093,15203,4951,1703,1414,1298,785,645,628,248,1867,5201,1549,1023,755,601,1589,2024,8512,1058,807,352,1522,1049,15861,768,1863,471,411,710,725,12542,493,2016,802,588,1611,698,661,3037,1158,955,7913,881,889,3392,1440,534,409,437,444,979,785,464,579,963,1894,799,890,477,2132,896,1213,2213
A[T>C]A,6642,1417,1133,83,57,463,1882,2898,1774,2362,1538,2298,8440,1266,3137,5870,1772,29844,5912,12356,10627,25230,374,390,413,702,461,384,836,447,1030,463,2218,1421,1476,2155,781,2082,1985,654,2905,933,1848,1121,1723,1391,589,1495,1038,1086,1274,1447,1158,1661,1350,1679,1763,1472,1237,1001,2744,574,1673,2771,2572,125,380,228,331,164,327,287,459,176,494,289,819,217,436,117,425,151,952,807,1020,252,314,394,198,224,121,155,331,900,834,255,250,281,311,244,895,346,290,210,293,239,603,196,384,139,262,152,178,561,296,630,135,342,463,197,239,509,262,392,913,180,225,419,241,154,1636,1837,2397,531,678,1571,2912,806,10151,410,3332,1659,8815,3068,6665,1267
A[T>C]C,1941,223,311,22,13,236,787,1072,640,1047,616,1066,3449,730,1405,2834,837,18523,1891,4699,5856,14218,196,304,306,372,330,178,658,230,409,270,296,198,217,1066,132,334,340,96,512,171,294,126,377,232,122,202,194,257,261,214,200,240,252,294,278,206,202,160,323,403,1067,1222,1028,34,124,86,105,60,115,119,170,59,140,111,266,83,176,48,165,71,312,319,367,89,106,129,65,88,51,61,123,318,273,100,89,88,102,90,261,96,116,59,97,85,220,69,192,37,109,66,42,197,112,171,60,160,171,79,87,168,86,133,304,58,61,148,71,56,621,669,1405,338,252,648,1003,385,4012,294,2149,573,5709,1094,1893,831
A[T>C]G,4269,772,635,31,23,235,2106,2527,1701,2769,1387,2696,1506,473,4093,3159,485,19343,3971,2994,3551,12682,201,297,327,505,345,222,606,237,428,284,1135,837,885,1748,403,1484,1266,451,1785,600,1190,669,1040,841,405,794,644,683,809,1395,767,979,847,1030,1111,911,771,640,1623,428,1105,2758,2348,83,238,165,162,100,233,208,316,125,330,211,533,154,279,70,285,115,702,526,687,189,165,223,133,164,70,115,220,623,704,160,149,174,179,156,527,187,183,118,188,140,410,131,233,77,145,108,88,464,143,397,100,195,304,104,167,303,190,291,671,117,137,307,157,91,1644,2257,2310,337,325,1573,2490,542,5866,279,2518,2095,8889,2494,6465,578
A[T>C]T,3417,830,652,66,46,470,639,1327,623,960,594,952,3298,1079,1112,5758,1215,35412,2845,5263,8020,23627,381,496,462,753,557,450,974,501,748,570,989,645,654,2309,376,1075,952,292,1306,443,821,487,997,673,327,705,554,606,694,746,564,826,712,844,872,632,612,454,1189,872,1591,1131,1388,154,544,368,422,192,445,523,768,213,669,454,1104,326,676,196,685,252,1563,1312,1521,379,447,501,253,310,239,185,487,1437,748,389,405,360,533,495,1280,514,391,240,377,360,954,262,570,152,276,214,254,1170,294,847,195,397,666,253,315,694,425,587,1727,280,297,649,325,235,575,614,953,502,481,747,1250,824,6242,482,1011,573,4047,1066,3124,1182
C[T>C]A,4340,596,326,25,13,149,1298,1774,1074,1696,821,1345,877,195,2115,985,231,6571,3494,1459,1403,5414,410,501,576,447,637,340,1323,419,940,313,1059,658,839,872,351,1146,1086,303,1480,449,1099,443,923,615,241,711,455,516,576,758,530,839,593,806,804,614,521,454,1254,695,849,1932,1976,116,261,158,185,95,281,268,296,134,416,185,574,164,354,90,390,139,870,966,823,289,167,285,129,130,90,98,242,661,647,225,121,178,199,223,841,216,196,117,211,218,947,129,362,113,150,120,109,835,165,369,135,188,342,110,182,341,212,279,882,164,204,435,168,120,937,1195,1440,513,651,968,1665,378,8028,571,1156,1134,2733,1817,3934,159
C[T>C]C,1901,269,157,21,9,216,966,1243,816,1271,718,1199,721,236,1633,1123,270,9491,1675,1567,1897,7108,1699,2575,2315,1066,2266,1205,4213,1487,2715,1198,372,212,308,1389,191,426,549,148,623,207,469,178,451,255,135,242,242,330,309,469,265,282,232,282,312,253,193,172,372,2029,1001,1733,1360,47,129,109,110,84,196,138,154,86,194,130,351,110,186,59,201,135,539,513,453,186,132,428,91,82,58,109,150,377,334,151,88,106,110,126,405,130,143,95,115,95,746,68,273,73,116,82,55,394,105,235,119,219,155,73,101,224,121,161,472,122,117,268,102,73,664,934,1110,1661,1298,1164,1207,653,4173,1957,2582,730,5652,1317,2122,293
C[T>C]G,4799,389,272,16,14,116,2359,2536,1926,3155,1510,2637,475,233,4419,1590,186,8925,4240,1117,1488,6829,962,1526,1740,749,1652,748,3230,886,1628,820,809,432,583,781,258,1031,951,313,1071,332,880,376,710,559,248,528,357,381,509,792,472,626,478,643,719,506,439,353,1011,1326,874,3202,2456,58,136,79,108,68,124,175,146,56,209,116,352,95,173,44,175,98,414,369,546,165,104,254,59,84,33,60,120,396,735,116,74,87,102,116,394,152,132,72,117,107,571,96,229,52,95,61,57,379,77,172,81,145,157,64,59,172,119,146,484,75,98,290,102,68,1689,2503,2361,1266,871,1927,2666,365,7025,1514,2676,2295,5938,2664,6912,236
C[T>C]T,3113,552,267,32,26,185,1295,2200,1325,1747,985,2007,639,257,1884,1525,384,14138,2412,1335,2556,13363,6228,8904,6158,2644,7271,3727,9528,5777,7776,3906,698,458,536,1422,276,832,957,198,1021,273,627,275,779,420,178,538,486,418,460,492,381,605,426,603,506,386,431,292,828,4115,1450,2553,2125,382,1029,517,616,294,996,1065,958,510,1653,745,2057,527,1184,256,2088,610,3794,3970,2652,1343,650,1779,481,427,418,271,1128,2700,1330,669,434,565,758,1109,3138,760,557,325,856,749,4707,514,1138,369,381,455,394,3782,443,1366,393,398,1300,505,501,1393,741,1141,3948,698,692,1824,588,402,914,1209,1059,4652,2985,2418,2101,636,7799,5389,993,912,2952,1861,4011,274
G[T>C]A,12154,545,540,38,23,435,1555,2658,1445,2232,1415,2142,16989,1980,3157,7210,3110,28537,8327,23216,16167,28433,208,216,266,392,290,246,593,216,485,264,816,558,598,1494,326,1031,864,253,1328,338,795,432,759,526,246,554,442,444,577,619,536,769,615,656,794,677,524,421,1089,458,1299,3987,2336,51,144,93,143,90,112,127,173,51,157,103,295,97,195,46,105,69,316,193,400,111,116,175,78,116,59,100,87,320,709,106,104,113,102,111,331,126,130,83,126,88,213,83,197,37,120,69,58,228,141,196,102,232,156,113,86,166,132,153,360,73,97,188,101,62,1772,1432,4404,329,324,1530,4448,475,18055,258,9102,1589,15060,2678,7702,1499
G[T>C]C,3480,145,222,30,14,294,680,1209,766,1059,1114,1411,13183,1711,1357,5768,2614,22801,2566,15674,17530,27800,358,555,577,358,534,326,1036,321,710,347,183,139,153,1044,133,238,245,102,437,113,330,139,240,162,77,137,158,211,163,169,146,164,163,200,195,135,112,141,235,645,1649,1479,838,25,72,62,86,60,76,64,83,34,96,100,157,53,129,35,72,51,200,126,197,78,100,132,47,52,25,62,63,191,261,64,69,83,60,59,139,77,83,53,80,54,102,62,151,30,66,41,40,139,76,100,105,168,100,106,76,81,69,79,192,37,56,109,58,42,1023,630,2848,451,366,960,1520,326,7566,533,6968,522,11636,908,1864,1537
G[T>C]G,6670,306,291,18,18,169,1441,1949,1307,2091,1440,2106,4488,640,2971,3549,777,16410,5408,9192,5757,13268,307,403,536,355,468,266,949,306,512,304,498,396,419,1178,170,718,592,201,850,253,526,274,547,403,165,346,292,386,474,1719,425,495,384,514,514,450,376,350,717,491,1139,2476,1728,49,119,79,97,56,103,112,150,51,197,113,339,79,149,43,96,70,282,206,390,111,73,142,49,120,28,70,109,287,488,114,84,95,72,91,273,111,137,65,82,63,154,81,136,39,77,48,62,204,96,154,74,167,161,66,95,133,114,138,372,59,58,161,65,65,1434,1551,3189,409,284,1430,3031,325,10703,425,5341,1340,12513,1814,6558,500
G[T>C]T,8171,391,360,46,27,310,825,1498,823,1272,842,1246,12408,3117,1721,12023,3969,47024,5258,19091,19659,42960,655,865,791,643,784,472,1294,632,922,587,513,320,339,2388,249,659,533,173,834,228,418,257,616,346,162,421,311,366,432,416,346,497,412,428,465,338,404,280,561,929,1504,2314,1588,538,1936,1357,1058,366,1267,1988,2221,483,2678,1816,4788,1345,2135,521,1553,522,5595,2091,5480,1880,1020,1240,644,947,748,778,2480,3888,1652,1679,1033,1426,1602,1652,4658,1715,1239,837,1380,1073,2724,646,1609,408,795,586,1000,5416,1067,1965,393,695,3034,841,1107,1562,1851,3395,10469,626,831,2314,1275,773,949,747,2507,620,466,1007,3035,496,13386,616,3919,816,11870,1423,5154,2833
T[T>C]A,8122,692,475,41,31,215,1361,1775,1156,1647,1026,1215,6600,1391,1601,6056,1695,27431,5453,10030,8555,24785,541,540,396,526,644,406,754,531,1901,417,888,561,690,1158,347,1038,878,306,1311,367,710,448,795,574,266,609,525,527,609,661,515,1044,693,782,759,795,575,397,1170,539,1165,1510,1618,403,1020,678,614,258,1020,1156,1226,511,1331,853,2394,817,1425,343,1376,411,4199,3233,3230,990,676,942,469,595,474,355,1027,2369,1470,923,595,669,708,891,3019,776,569,542,698,743,3242,454,1479,397,429,408,454,3590,622,1001,369,470,1322,397,457,995,803,1391,3771,608,706,1562,641,471,898,1005,2148,479,1232,961,2837,523,13117,530,3783,1352,6672,2526,3059,1425
T[T>C]C,3435,210,201,32,20,209,1090,1541,958,1331,1127,1524,4477,1394,1475,5279,1573,29016,2763,7270,8254,19202,509,609,661,458,764,424,1610,452,943,463,316,200,242,1322,146,304,341,123,515,137,298,133,379,208,103,159,195,269,257,218,206,269,239,272,235,221,177,130,349,829,1975,1225,1062,153,356,210,212,136,415,362,422,166,457,279,831,343,529,113,583,198,1419,1537,908,382,273,425,175,177,137,154,375,907,623,338,193,254,236,342,1194,272,230,168,285,267,2056,194,583,141,201,131,121,1533,208,457,197,313,466,202,225,424,299,390,1252,214,256,647,290,155,995,965,2534,692,589,930,1700,471,8314,696,4292,812,6588,1749,1611,1926
T[T>C]G,3559,272,229,17,12,112,1368,1375,1089,1659,988,1193,1920,785,1616,4578,770,20527,2941,4104,4218,13721,288,421,417,296,515,247,1024,241,665,284,418,245,376,628,161,591,469,148,695,225,403,250,420,325,136,253,261,342,476,2412,418,528,378,455,476,358,319,235,631,458,728,1012,1160,148,342,265,223,114,352,392,434,192,491,299,1066,421,444,119,455,190,1669,1089,1033,349,213,311,168,282,116,124,421,850,792,329,206,265,262,257,1137,279,224,149,293,237,1561,191,575,131,168,145,120,1305,266,446,145,205,488,111,216,330,276,522,1594,229,282,680,221,143,822,1191,1572,373,398,728,1778,223,5482,444,2800,1271,5174,1718,2075,856
T[T>C]T,6268,504,334,48,30,275,2006,2722,1450,1984,1502,1784,4299,2002,2002,10979,1911,59430,3869,8914,11982,35938,828,1257,1001,730,1246,675,2139,848,1270,831,600,413,458,2052,245,648,668,179,938,214,433,283,709,379,177,462,335,437,501,468,370,658,492,535,536,428,418,277,759,1373,1845,1723,1904,308,683,350,389,197,946,924,1136,378,975,431,2130,904,1002,168,1755,390,3543,4929,2201,873,558,737,358,329,285,248,830,2023,1259,583,349,379,488,761,2986,619,428,284,633,505,7153,537,1192,287,313,316,333,4929,344,1102,406,427,833,305,404,1211,600,742,3366,454,462,1555,508,321,1412,1538,1977,1006,766,1285,2703,588,10438,1111,2115,1594,5045,3175,3361,2166
A[T>G]A,601,147,116,32,10,99,44,162,120,65,83,117,1129,696,80,4316,438,11136,181,1779,2829,12873,220,162,202,222,220,163,335,175,874,146,281,162,162,278,130,249,229,94,333,104,257,105,225,155,100,142,140,146,175,203,138,176,149,240,173,229,122,98,256,326,588,60,113,57,181,81,156,61,212,194,253,94,264,190,352,110,294,39,383,87,616,1255,583,175,145,188,83,105,61,69,155,486,188,131,123,122,168,184,598,157,114,74,164,143,689,105,319,43,89,76,57,634,102,281,74,149,216,106,96,271,161,189,543,105,109,247,142,76,44,56,97,177,447,93,100,530,635,222,65,52,183,389,446,1234
A[T>G]C,275,56,43,11,7,37,85,202,84,135,107,252,1148,655,219,3163,659,13169,206,2047,3126,10874,261,262,407,139,277,186,643,151,420,174,65,47,32,70,51,63,83,18,143,21,58,32,78,46,32,43,59,59,59,59,48,39,55,53,56,45,41,29,68,437,351,192,104,54,128,78,65,43,143,92,163,60,134,158,216,71,133,37,289,53,408,344,273,122,71,172,44,44,39,33,112,342,98,78,71,79,71,110,385,93,58,41,69,68,438,54,155,35,72,46,49,367,56,178,41,91,121,70,67,166,105,118,186,76,77,208,63,61,77,71,210,267,244,190,129,146,572,319,347,51,2434,252,425,780
A[T>G]G,290,145,92,11,9,81,80,151,115,107,86,215,632,268,137,1727,198,7420,153,1010,1191,6086,128,114,220,323,171,98,371,145,325,150,245,147,174,303,104,189,240,67,333,117,431,103,251,158,81,138,128,167,148,172,126,167,135,202,190,121,158,117,251,262,393,97,149,49,248,163,244,93,520,192,401,93,253,425,703,131,248,66,399,105,602,555,584,160,158,280,83,110,82,93,168,568,181,143,138,164,316,248,442,335,159,253,132,121,387,161,170,55,76,79,83,413,237,703,148,135,244,169,146,419,210,270,349,75,117,189,231,97,65,73,138,175,168,131,101,295,474,187,142,53,634,203,303,422
A[T>G]T,590,163,202,8,14,87,223,672,348,395,313,744,8291,5193,383,26695,4286,106040,392,13486,25190,91868,2297,2978,3695,1010,3089,1946,5604,1863,4247,1740,156,109,100,166,73,192,311,58,357,54,140,71,245,135,58,92,157,127,115,127,93,102,151,146,130,127,115,66,121,3120,1803,928,423,57,169,99,180,84,250,228,310,78,235,130,451,113,265,47,323,164,645,813,652,265,179,659,108,126,63,51,195,598,290,184,114,94,159,173,697,189,148,78,122,107,626,80,269,63,85,81,99,715,127,315,126,139,219,99,117,318,180,179,544,114,136,288,129,76,220,229,382,2782,2228,979,500,330,1654,3564,1330,107,9505,572,869,6732
C[T>G]A,233,122,107,9,7,26,81,157,128,138,115,177,1295,551,151,4194,526,12227,129,2669,3129,11923,181,158,247,210,203,139,405,109,530,148,204,135,106,260,87,186,200,65,223,49,199,69,200,104,69,149,98,111,150,155,104,165,125,182,129,106,101,65,183,340,1105,146,111,19,66,40,59,28,81,59,100,29,61,62,129,50,61,15,102,43,197,238,188,64,49,80,32,36,16,34,60,180,70,50,50,49,50,57,329,43,52,31,39,44,194,31,113,24,29,32,42,221,33,106,48,70,83,46,58,120,54,64,151,45,37,116,36,31,71,79,137,219,279,124,136,228,376,212,71,35,270,123,178,690
C[T>G]C,501,82,102,8,7,27,350,657,390,483,412,671,590,228,747,1300,217,6518,408,1309,1247,5304,1288,1132,1509,476,916,886,1758,578,2635,702,150,57,72,272,46,154,187,40,213,57,134,62,181,78,43,71,115,98,97,123,53,81,82,102,110,74,68,64,137,1345,590,771,315,23,64,45,57,30,119,54,130,66,96,72,159,88,92,25,254,117,361,514,204,115,92,243,82,40,25,32,110,288,129,76,74,56,58,87,501,62,60,20,63,42,592,53,206,42,48,46,41,550,48,226,109,72,90,36,61,242,80,75,182,60,40,190,45,55,303,333,671,1036,793,660,521,230,1157,1071,317,194,1490,504,646,177
C[T>G]G,585,211,145,12,6,50,468,638,403,542,478,763,1041,350,925,2642,304,10633,412,2221,1856,8928,517,507,830,562,603,385,1058,324,1143,405,442,235,246,213,139,396,415,162,522,186,664,177,420,279,134,265,205,236,195,280,215,241,167,320,264,197,219,171,401,782,1198,755,460,39,137,83,146,52,456,112,273,64,155,148,702,105,121,34,350,92,380,678,439,127,140,239,59,79,29,69,121,638,176,73,92,94,217,176,441,192,131,86,100,55,466,144,183,21,64,54,91,443,170,678,223,113,144,87,83,447,148,110,262,54,60,183,174,55,321,349,720,571,387,632,578,350,1264,628,280,209,834,434,696,337
C[T>G]T,1001,336,344,15,19,59,616,2127,1720,1309,1248,2353,6930,2437,1388,17317,3027,71393,792,12751,17659,68245,20801,19133,20882,5808,15482,13291,21284,10381,33643,10970,239,191,178,356,141,664,904,76,719,101,177,125,315,186,74,188,404,162,171,166,132,206,158,193,157,181,126,116,236,12334,4875,3233,769,71,165,108,317,123,418,155,311,106,217,112,461,186,212,40,689,793,755,1715,452,653,278,3149,119,122,53,88,227,769,296,152,112,127,152,197,1008,126,194,63,133,109,1467,136,360,61,87,131,122,1773,112,738,306,162,257,84,176,724,219,127,495,104,156,443,210,115,711,825,1161,14446,10366,4604,2293,481,4886,16055,983,245,5812,509,797,2462
G[T>G]A,137,86,54,7,8,17,20,68,56,61,50,66,855,189,45,986,163,2676,81,1053,1290,3760,70,64,70,127,93,68,167,77,212,57,152,71,93,94,66,132,142,36,173,45,129,53,141,70,34,84,65,75,71,82,66,96,79,120,114,56,59,47,125,120,341,45,65,23,58,28,45,18,77,41,75,22,69,55,109,38,64,19,105,31,143,245,140,43,36,59,29,29,21,26,53,110,61,30,31,46,61,40,210,48,29,31,30,29,173,29,85,13,37,27,26,135,38,98,35,55,51,24,27,68,48,44,104,20,23,77,49,19,36,32,131,88,98,60,48,199,391,86,66,12,205,114,221,203
G[T>G]C,185,40,37,4,7,23,42,205,101,129,139,407,1193,308,165,1284,347,4945,152,1651,1997,6391,306,256,400,151,247,176,487,170,659,187,67,44,36,58,36,59,68,22,95,24,68,31,72,43,31,39,37,48,44,35,33,46,37,50,44,38,33,17,66,421,428,197,72,20,57,30,25,16,70,41,59,26,55,59,82,26,67,17,128,47,184,201,94,48,46,84,36,21,19,22,50,144,64,24,30,35,27,51,175,46,22,22,34,25,196,20,68,21,30,20,20,181,20,93,22,55,48,37,43,89,55,47,89,27,27,75,37,30,94,56,469,253,178,243,90,120,659,322,538,26,2004,102,190,328
G[T>G]G,207,156,80,9,33,45,87,219,215,279,201,449,700,183,215,768,150,2600,164,1067,969,3574,161,175,306,287,225,135,372,166,405,154,310,165,180,150,114,210,313,90,364,130,535,118,321,188,90,194,126,164,163,294,133,126,153,207,190,139,132,153,245,339,698,172,159,77,399,256,308,129,684,196,477,135,270,737,1027,161,340,97,551,159,674,539,608,182,160,350,100,134,87,130,244,639,199,158,255,263,397,268,454,535,184,371,128,134,405,212,240,72,74,106,137,457,295,1171,223,181,327,282,190,475,260,342,335,83,143,197,453,95,125,87,520,205,155,243,135,359,760,226,269,48,726,178,285,163
G[T>G]T,659,154,150,12,9,61,280,1046,622,787,864,2065,2789,841,748,3862,912,15007,565,3989,5532,19532,4408,4412,5291,1498,3815,2935,5817,2753,7445,2786,133,86,87,133,60,189,322,39,317,56,122,57,183,111,50,65,165,95,120,77,83,99,99,107,87,85,71,61,127,3431,4604,1209,335,110,355,208,267,109,464,329,455,202,499,308,669,195,386,109,884,331,1219,1251,838,475,270,1091,177,167,159,101,391,1026,411,224,217,206,299,441,1022,235,175,125,272,231,1430,121,382,117,146,185,142,1383,150,667,163,186,413,239,242,620,272,359,889,207,222,578,248,155,516,342,1763,3435,2486,1740,724,314,3917,4277,1183,146,4113,479,744,926
T[T>G]A,812,207,183,25,13,67,42,170,133,77,117,126,6906,3639,62,20705,2387,32162,205,8953,7934,39301,355,296,255,324,305,289,411,246,1550,262,280,145,220,233,114,286,256,82,381,96,215,93,312,144,82,149,187,206,237,224,110,248,192,284,210,270,161,119,297,405,1203,54,110,57,173,118,139,56,319,194,384,104,205,158,471,142,278,53,479,125,803,1319,644,200,242,218,146,105,87,79,254,780,220,170,134,119,179,162,864,147,112,69,161,128,1053,109,414,75,99,93,105,1313,111,385,234,170,221,98,114,381,171,129,596,104,102,356,153,87,46,50,70,254,889,117,101,559,685,299,65,24,129,159,194,4524
T[T>G]C,256,83,91,11,3,62,54,137,91,116,104,169,5116,1429,90,7202,1640,21850,132,8103,6377,20732,426,395,619,300,492,298,948,273,877,313,117,65,84,236,72,125,161,39,190,49,97,54,161,78,45,81,106,85,93,95,77,94,115,109,93,82,76,67,86,673,454,159,97,57,145,75,75,49,287,139,238,100,152,116,361,185,170,42,456,117,630,1250,435,155,164,217,107,74,55,33,202,686,164,108,109,96,111,144,793,117,87,58,104,87,1325,120,277,50,67,83,80,1173,78,439,252,127,151,65,88,398,126,100,378,101,73,307,106,75,85,64,175,499,474,194,144,210,576,514,290,41,1250,203,248,1237
T[T>G]G,459,167,136,15,7,76,210,278,192,239,198,263,1630,650,204,3251,508,8774,279,2348,1527,9139,250,269,371,352,331,236,654,237,635,231,401,215,215,223,200,340,426,140,455,144,561,161,407,236,96,203,198,217,220,243,181,244,206,302,259,176,196,162,358,440,678,167,153,49,162,89,130,51,428,157,333,107,182,128,635,146,183,45,383,103,575,1035,609,119,173,194,82,94,50,57,169,664,165,89,118,120,191,180,590,146,143,95,145,101,772,129,257,58,91,71,69,750,113,516,235,155,185,80,110,382,161,112,409,90,95,218,146,84,140,169,258,343,302,210,214,407,768,339,129,124,211,340,339,594
T[T>G]T,1464,382,371,36,35,158,513,1245,882,824,759,1142,75301,31212,582,145165,29876,339431,705,102642,102583,381341,4654,5818,6906,2020,6427,3904,10946,3647,8449,3476,363,262,259,479,189,477,655,112,725,123,277,160,449,272,144,249,348,263,297,321,194,276,316,370,297,302,226,189,355,6161,4861,1239,486,151,414,228,389,164,983,526,1077,242,534,266,1297,474,545,128,1510,456,2199,4120,1424,562,505,1272,327,228,160,132,699,2069,570,334,296,240,356,482,2260,334,309,152,340,218,3995,316,786,164,189,237,264,4271,250,1254,802,356,475,226,273,1164,459,282,1446,292,268,912,353,224,533,616,726,6011,4907,1709,1014,744,2734,6505,1692,358,5848,970,1321,32634
