sampleID	chr	pos	ref	alt
PD13634	1	16456029	C	T
PD13634	1	16461604	G	A
PD13634	1	16464604	C	T
PD13634	1	27087500	A	G
PD13634	1	27089596	G	A
PD13634	1	27099840	C	T
PD13634	1	27101258	A	C
PD13634	1	27102299	C	T
PD13634	1	27106549	G	T
PD13634	1	120458235	G	A
PD13634	1	120458855	T	A
PD13634	1	120459287	C	T
PD13634	1	120459302	AC	-
PD13634	1	120461177	C	G
PD13634	1	120462237	C	T
PD13634	1	120462853	T	A
PD13634	1	120464341	C	A
PD13634	1	120464930	A	G
PD13634	1	120464947	G	A
PD13634	1	120465041	C	A
PD13634	1	120466564	C	A
PD13634	1	120471708	A	C
PD13634	1	120484302	CC	TT
PD13634	1	120484345	C	T
PD13634	1	120491662	CT	-
PD13634	1	120497687	C	T
PD13634	1	120497751	C	A
PD13634	1	120502115	A	C
PD13634	1	120506380	G	A
PD13634	1	120510117	G	A
PD13634	1	120510117	GG	AA
PD13634	1	120510130	C	T
PD13634	1	120510197	C	A
PD13634	1	120510204	G	C
PD13634	1	120510232	GG	AA
PD13634	1	120510796	A	T
PD13634	1	120512133	C	T
PD13634	1	120512134	C	A
PD13634	1	120512172	A	C
PD13634	1	152323423	C	T
PD13634	1	152323805	C	T
PD13634	1	152323957	C	A
PD13634	1	152324786	G	A
PD13634	1	152325253	G	T
PD13634	1	152325315	C	T
PD13634	1	152326190	C	T
PD13634	1	152327423	C	T
PD13634	1	152327851	G	A
PD13634	1	152328073	G	A
PD13634	1	152328359	C	T
PD13634	1	152328506	C	T
PD13634	1	152328632	C	T
PD13634	1	152329073	C	T
PD13634	1	152329351	C	T
PD13634	1	152329531	A	G
PD13634	1	207640038	G	A
PD13634	1	207640093	C	T
PD13634	1	207642515	C	T
PD13634	1	207643033	C	T
PD13634	1	207644180	C	A
PD13634	1	207646162	C	T
PD13634	1	207646186	C	T
PD13634	1	207646395	G	A
PD13634	1	207647644	T	C
PD13634	1	207649651	C	T
PD13634	1	209961881	C	T
PD13634	10	104359300	C	T
PD13634	10	104377252	C	T
PD13634	10	123239125	G	A
PD13634	10	123239166	C	T
PD13634	10	123279669	GG	AA
PD13634	10	123298141	C	T
PD13634	11	533547	T	C
PD13634	11	69456178	A	C
PD13634	11	69458002	C	T
PD13634	11	69465942	CC	TT
PD13634	11	69466021	C	T
PD13634	11	118342855	C	T
PD13634	11	118343017	G	T
PD13634	11	118343443	T	C
PD13634	11	118343674	C	T
PD13634	11	118344946	C	T
PD13634	11	118367017	CC	TT
PD13634	11	118373353	T	A
PD13634	11	118374813	A	T
PD13634	11	118382698	G	A
PD13634	11	118390429	T	C
PD13634	12	25380235	C	T
PD13634	12	46205223	G	A
PD13634	12	46233144	C	T
PD13634	12	46242618	G	A
PD13634	12	46244814	C	T
PD13634	12	46245123	C	-
PD13634	12	46245192	C	T
PD13634	12	46285703	T	A
PD13634	12	47629223	G	A
PD13634	12	47629394	G	A
PD13634	12	47629511	G	T
PD13634	12	47629704	G	A
PD13634	12	49416462	GG	AA
PD13634	12	49420326	G	A
PD13634	12	49420844	C	T
PD13634	12	49421895	C	A
PD13634	12	49431002	C	A
PD13634	12	49431453	G	A
PD13634	12	49431785	C	T
PD13634	12	49434005	G	A
PD13634	12	49434018	C	T
PD13634	12	49434468	G	A
PD13634	12	49434711	G	A
PD13634	12	49436873	C	T
PD13634	12	49438079	C	T
PD13634	12	49438188	GG	AA
PD13634	12	49442965	G	A
PD13634	12	49443922	C	T
PD13634	12	49444788	GG	AA
PD13634	12	49445131	G	A
PD13634	12	49445634	GG	AA
PD13634	12	56481893	C	T
PD13634	12	56486549	C	T
PD13634	12	56492519	C	T
PD13634	12	56494018	G	A
PD13634	12	56495325	C	T
PD13634	12	56495811	T	G
PD13634	13	48934176	G	T
PD13634	14	23445865	C	T
PD13634	14	23445907	A	C
PD13634	14	63174328	G	A
PD13634	14	63174801	T	G
PD13634	14	63269167	T	C
PD13634	14	63316538	T	C
PD13634	14	63417078	T	C
PD13634	14	63447880	C	T
PD13634	14	63453786	TT	CC
PD13634	14	63453854	A	T
PD13634	14	63468055	T	A
PD13634	14	95560400	CC	TT
PD13634	14	95562346	C	T
PD13634	14	95562996	C	T
PD13634	14	95569771	G	A
PD13634	14	95569872	T	G
PD13634	14	95583974	G	A
PD13634	14	95584096	G	A
PD13634	14	95595948	AT	-
PD13634	14	95597964	G	A
PD13634	14	105239253	GG	AA
PD13634	14	105240312	C	A
PD13634	14	105242027	C	T
PD13634	14	105242142	GG	AA
PD13634	16	3819319	G	A
PD13634	16	3832737	C	T
PD13634	16	9857151	C	T
PD13634	16	9857197	G	A
PD13634	16	9857342	C	T
PD13634	16	9857831	G	T
PD13634	16	9857889	G	A
PD13634	16	9857898	T	C
PD13634	16	9858010	C	T
PD13634	16	9858050	G	A
PD13634	16	9858299	C	T
PD13634	16	9858710	G	A
PD13634	16	9862738	G	A
PD13634	16	9923350	G	T
PD13634	16	9934913	G	A
PD13634	16	9943756	G	A
PD13634	16	10032006	G	A
PD13634	16	10032229	C	T
PD13634	16	10032374	G	A
PD13634	16	51171197	G	A
PD13634	16	51171440	C	T
PD13634	16	51173050	G	T
PD13634	16	51173577	G	A
PD13634	16	51173588	C	T
PD13634	16	51173700	A	G
PD13634	16	51173753	G	A
PD13634	16	51173892	C	T
PD13634	16	51174059	G	A
PD13634	16	51174381	G	T
PD13634	16	51174402	G	A
PD13634	16	51174443	G	A
PD13634	16	51174598	G	T
PD13634	16	51174711	C	T
PD13634	16	51174722	G	A
PD13634	16	51175247	C	T
PD13634	16	51175307	G	-
PD13634	16	51176026	G	A
PD13634	16	68835586	T	C
PD13634	16	68847433	C	T
PD13634	16	68857347	G	T
PD13634	16	68862159	G	A
PD13634	16	77327003	C	T
PD13634	16	77327083	GG	AA
PD13634	16	77328871	G	A
PD13634	16	77328908	G	A
PD13634	16	77331282	C	T
PD13634	16	77334275	C	T
PD13634	16	77353831	C	T
PD13634	16	77353842	G	A
PD13634	16	77359763	C	A
PD13634	16	77369768	C	T
PD13634	16	77387691	T	C
PD13634	16	77389842	G	A
PD13634	16	77398124	C	T
PD13634	16	77401349	C	T
PD13634	16	77401483	G	A
PD13634	16	77468403	C	A
PD13634	17	7555406	C	A
PD13634	17	7556287	G	A
PD13634	17	7556693	C	T
PD13634	17	7556941	G	A
PD13634	17	7557503	C	T
PD13634	17	7557756	C	T
PD13634	17	7557900	G	A
PD13634	17	7558925	C	T
PD13634	17	7559195	CC	TT
PD13634	17	7562715	C	T
PD13634	17	7571870	G	A
PD13634	17	7572836	AG	GA
PD13634	17	7574000	C	T
PD13634	17	7574557	G	A
PD13634	17	7577018	C	T
PD13634	17	7577082	C	T
PD13634	17	7577093	C	G
PD13634	17	7577099	C	A
PD13634	17	7577099	C	T
PD13634	17	7577105	GG	AA
PD13634	17	7577106	G	A
PD13634	17	7577118	C	A
PD13634	17	7577121	G	A
PD13634	17	7577142	C	T
PD13634	17	7577265	G	T
PD13634	17	7577308	G	T
PD13634	17	7577537	CC	TT
PD13634	17	7577539	G	A
PD13634	17	7577541	T	A
PD13634	17	7577547	CC	AA
PD13634	17	7577557	A	T
PD13634	17	7577568	C	A
PD13634	17	7578178	T	A
PD13634	17	7578196	A	T
PD13634	17	7578212	G	A
PD13634	17	7578236	A	C
PD13634	17	7578239	C	A
PD13634	17	7578263	G	A
PD13634	17	7578371	C	T
PD13634	17	7578401	G	A
PD13634	17	7578419	C	A
PD13634	17	7578530	A	G
PD13634	17	7578532	A	C
PD13634	17	7578554	A	G
PD13634	17	7578698	C	T
PD13634	17	7579040	G	A
PD13634	17	7579312	C	A
PD13634	17	7579312	C	T
PD13634	17	7579365	C	T
PD13634	17	7579548	G	A
PD13634	17	7579592	T	A
PD13634	17	7587872	C	A
PD13634	17	7589210	GG	AA
PD13634	17	29533315	C	T
PD13634	17	29556077	G	A
PD13634	17	29556393	G	T
PD13634	17	29560068	T	C
PD13634	17	29626528	G	A
PD13634	17	29654751	C	T
PD13634	17	29663873	A	G
PD13634	17	29664560	C	T
PD13634	17	29683561	C	T
PD13634	17	29685542	G	T
PD13634	17	37865607	C	T
PD13634	17	37866088	T	C
PD13634	17	37866405	A	C
PD13634	17	37883751	C	T
PD13634	18	48575065	C	G
PD13634	18	48603041	C	A
PD13634	19	10602391	T	C
PD13634	19	10602497	G	A
PD13634	19	10610494	G	A
PD13634	19	15272229	C	T
PD13634	19	15272529	GG	AA
PD13634	19	15273332	C	T
PD13634	19	15273372	C	T
PD13634	19	15276219	G	A
PD13634	19	15276296	C	T
PD13634	19	15281150	C	T
PD13634	19	15281166	AC	TT
PD13634	19	15281248	C	A
PD13634	19	15281609	G	C
PD13634	19	15284936	C	T
PD13634	19	15285220	G	A
PD13634	19	15288423	T	A
PD13634	19	15288503	C	T
PD13634	19	15288544	G	A
PD13634	19	15288547	C	A
PD13634	19	15290085	A	G
PD13634	19	15290100	G	A
PD13634	19	15300164	A	C
PD13634	19	15302288	G	A
PD13634	19	15302841	G	A
PD13634	19	15302957	C	A
PD13634	19	15303096	G	A
PD13634	19	15303221	G	A
PD13634	19	40739813	G	A
PD13634	19	40748509	C	T
PD13634	19	40761169	C	T
PD13634	19	40762858	G	A
PD13634	2	21225144	GG	AA
PD13634	2	21225654	C	T
PD13634	2	21226083	T	C
PD13634	2	21226126	A	G
PD13634	2	21227294	G	T
PD13634	2	21227975	T	G
PD13634	2	21228486	G	A
PD13634	2	21228707	G	A
PD13634	2	21228752	C	T
PD13634	2	21228851	T	A
PD13634	2	21228914	G	A
PD13634	2	21229256	G	A
PD13634	2	21229812	G	A
PD13634	2	21230756	T	C
PD13634	2	21231351	C	T
PD13634	2	21231657	C	T
PD13634	2	21231674	G	A
PD13634	2	21231795	C	T
PD13634	2	21231904	G	A
PD13634	2	21231956	C	T
PD13634	2	21232139	C	T
PD13634	2	21232368	C	T
PD13634	2	21232665	C	T
PD13634	2	21234529	C	A
PD13634	2	21234732	C	T
PD13634	2	21237971	G	C
PD13634	2	21238069	G	A
PD13634	2	21238318	GG	AA
PD13634	2	21239490	G	C
PD13634	2	21245854	T	G
PD13634	2	21259986	G	A
PD13634	2	21260037	C	T
PD13634	2	166847761	C	T
PD13634	2	166847830	G	T
PD13634	2	166850697	C	T
PD13634	2	166852556	C	T
PD13634	2	166856265	C	T
PD13634	2	166856286	C	T
PD13634	2	166859046	C	T
PD13634	2	166859057	A	G
PD13634	2	166859141	G	A
PD13634	2	166868684	C	T
PD13634	2	166868758	G	A
PD13634	2	166870410	T	A
PD13634	2	166872124	G	A
PD13634	2	166894463	G	C
PD13634	2	166895993	G	C
PD13634	2	166897871	T	C
PD13634	2	166897930	G	A
PD13634	2	166900229	C	A
PD13634	2	166900476	C	T
PD13634	2	166901794	C	T
PD13634	2	166903467	T	A
PD13634	2	166905454	G	A
PD13634	2	166908432	G	A
PD13634	2	166911190	C	T
PD13634	2	166911272	T	C
PD13634	2	166929947	GG	AA
PD13634	2	178096331	C	T
PD13634	2	202131389	C	T
PD13634	2	202151257	G	A
PD13634	2	212248354	T	A
PD13634	2	212248422	G	A
PD13634	2	212248450	G	A
PD13634	2	212248587	A	T
PD13634	2	212248617	C	T
PD13634	2	212248710	G	A
PD13634	2	212286764	C	G
PD13634	2	212286828	A	G
PD13634	2	212295747	G	A
PD13634	2	212426650	T	C
PD13634	2	212426679	C	T
PD13634	2	212483982	C	T
PD13634	2	212488680	G	A
PD13634	2	212488718	G	A
PD13634	2	212570076	G	A
PD13634	2	212570080	C	T
PD13634	2	212570126	C	T
PD13634	2	212576809	C	T
PD13634	2	212576831	G	A
PD13634	2	212652844	G	A
PD13634	2	212989517	A	C
PD13634	2	225378295	G	A
PD13634	2	228855902	T	G
PD13634	2	228858252	A	G
PD13634	2	228860316	C	T
PD13634	2	228881340	G	A
PD13634	2	228881757	G	A
PD13634	2	228881821	G	C
PD13634	2	228881888	G	A
PD13634	2	228882029	G	A
PD13634	2	228882159	C	T
PD13634	2	228882320	C	T
PD13634	2	228882636	G	A
PD13634	2	228883215	G	T
PD13634	2	228883516	T	A
PD13634	2	228883916	A	G
PD13634	2	228883926	G	A
PD13634	2	228884114	C	T
PD13634	2	228884646	C	T
PD13634	2	228884734	G	A
PD13634	2	228884741	G	T
PD13634	2	228886587	C	T
PD13634	20	8131023	G	A
PD13634	20	8637915	A	G
PD13634	20	8678363	G	A
PD13634	20	8689378	C	T
PD13634	20	8698463	C	T
PD13634	20	8717784	C	T
PD13634	20	8722148	G	A
PD13634	20	8737809	C	T
PD13634	20	8745935	G	A
PD13634	20	8773246	A	T
PD13634	20	8862266	C	T
PD13634	20	40733211	G	A
PD13634	20	40743942	C	T
PD13634	20	40748572	T	G
PD13634	20	40877354	A	C
PD13634	20	40980806	G	A
PD13634	20	41101036	G	A
PD13634	20	41306563	C	A
PD13634	20	41400090	G	A
PD13634	20	41408877	C	T
PD13634	22	38106571	G	A
PD13634	22	38119731	G	A
PD13634	22	38121007	C	T
PD13634	22	38130763	G	A
PD13634	22	38131075	C	T
PD13634	22	38151143	C	T
PD13634	22	38155251	CC	TT
PD13634	22	38164139	A	G
PD13634	3	38888410	G	T
PD13634	3	38888584	G	A
PD13634	3	38888855	G	A
PD13634	3	38888965	G	A
PD13634	3	38892065	C	T
PD13634	3	38892087	G	A
PD13634	3	38912214	C	T
PD13634	3	38936092	C	T
PD13634	3	38936198	C	T
PD13634	3	38936215	G	A
PD13634	3	38936421	G	A
PD13634	3	38945362	C	T
PD13634	3	38962578	G	T
PD13634	3	38988275	G	A
PD13634	3	38991674	C	T
PD13634	3	47103720	T	A
PD13634	3	47103729	C	T
PD13634	3	47125875	G	A
PD13634	3	47143021	C	A
PD13634	3	47163401	C	T
PD13634	3	178921467	T	A
PD13634	3	178921491	A	G
PD13634	3	178942606	G	T
PD13634	3	178947073	G	A
PD13634	3	178951946	C	T
PD13634	3	189585636	C	T
PD13634	3	189590699	G	A
PD13634	3	189604301	C	T
PD13634	4	1801064	G	-
PD13634	4	1803418	C	T
PD13634	4	1805472	C	T
PD13634	4	1806088	G	A
PD13634	4	1807329	G	A
PD13634	4	1808323	C	T
PD13634	4	1808987	T	G
PD13634	4	126238338	G	A
PD13634	4	126239344	T	C
PD13634	4	126239673	C	G
PD13634	4	126240948	G	A
PD13634	4	126241212	C	T
PD13634	4	126242301	C	T
PD13634	4	126242399	G	A
PD13634	4	126242568	G	T
PD13634	4	126242667	G	A
PD13634	4	126328089	C	T
PD13634	4	126328293	C	T
PD13634	4	126329650	G	A
PD13634	4	126329733	C	T
PD13634	4	126336140	C	A
PD13634	4	126336765	C	T
PD13634	4	126337631	C	T
PD13634	4	126337673	A	G
PD13634	4	126369704	A	G
PD13634	4	126369863	C	T
PD13634	4	126369957	G	A
PD13634	4	126370109	C	T
PD13634	4	126370177	T	C
PD13634	4	126370467	G	A
PD13634	4	126370940	C	T
PD13634	4	126370991	C	T
PD13634	4	126372071	C	T
PD13634	4	126372247	G	A
PD13634	4	126372906	G	T
PD13634	4	126372946	C	T
PD13634	4	126389870	C	A
PD13634	4	126401014	G	A
PD13634	4	126408566	C	T
PD13634	4	126411245	G	A
PD13634	4	126411273	C	T
PD13634	4	126411278	C	A
PD13634	4	126411606	G	T
PD13634	4	126411620	A	T
PD13634	4	126412244	C	T
PD13634	4	126412615	G	A
PD13634	4	153244233	C	T
PD13634	4	153273650	T	C
PD13634	4	175896822	C	A
PD13634	4	175897314	G	T
PD13634	4	175897317	A	G
PD13634	4	175897465	G	A
PD13634	4	175898031	G	A
PD13634	4	175898062	T	A
PD13634	4	175898132	CC	TT
PD13634	4	175898364	C	T
PD13634	4	175898784	C	T
PD13634	4	175899068	C	T
PD13634	4	175899119	CC	TT
PD13634	4	187510207	G	A
PD13634	4	187511832	G	C
PD13634	4	187516891	C	T
PD13634	4	187519287	G	A
PD13634	4	187521088	G	A
PD13634	4	187521154	C	T
PD13634	4	187524723	C	A
PD13634	4	187525602	G	A
PD13634	4	187525623	C	A
PD13634	4	187530980	G	A
PD13634	4	187532540	C	T
PD13634	4	187538159	C	G
PD13634	4	187538229	G	A
PD13634	4	187538969	T	C
PD13634	4	187539968	T	C
PD13634	4	187540425	C	T
PD13634	4	187541504	G	A
PD13634	4	187549305	T	A
PD13634	4	187549415	T	G
PD13634	4	187554955	G	A
PD13634	4	187628139	C	T
PD13634	4	187629106	ATG	C
PD13634	4	187630037	A	G
PD13634	4	187630438	C	T
PD13634	4	187630542	G	C
PD13634	4	187630733	G	A
PD13634	5	176637019	GG	AA
PD13634	5	176637218	G	A
PD13634	5	176638415	C	T
PD13634	5	176666859	C	T
PD13634	5	176715905	C	T
PD13634	5	176720833	G	A
PD13634	5	176720887	C	T
PD13634	5	176721624	C	T
PD13634	6	32165313	G	A
PD13634	6	32166336	CC	TT
PD13634	6	32166773	G	A
PD13634	6	32170010	C	T
PD13634	6	32171905	G	A
PD13634	6	32188022	G	A
PD13634	6	69348689	C	T
PD13634	6	69348788	C	T
PD13634	6	69348981	C	T
PD13634	6	69640569	G	T
PD13634	6	69646509	G	C
PD13634	6	69653779	G	A
PD13634	6	69653834	G	T
PD13634	6	69723934	T	A
PD13634	6	69759237	A	T
PD13634	6	69772853	C	T
PD13634	6	69949078	A	T
PD13634	6	69949093	T	C
PD13634	6	70034864	G	A
PD13634	6	70034922	T	A
PD13634	6	70049232	C	T
PD13634	6	70064217	C	T
PD13634	6	70071082	G	A
PD13634	6	70071123	C	T
PD13634	6	70071138	G	T
PD13634	6	70082311	G	A
PD13634	6	70098607	C	T
PD13634	6	70098677	T	G
PD13634	7	55223644	G	A
PD13634	7	55238111	G	A
PD13634	7	55242452	C	T
PD13634	7	55268106	G	A
PD13634	7	86394586	G	A
PD13634	7	86415831	C	T
PD13634	7	86415857	C	T
PD13634	7	86415909	C	A
PD13634	7	86416133	C	T
PD13634	7	86416161	C	T
PD13634	7	86416170	C	T
PD13634	7	86468243	C	T
PD13634	7	86468664	C	T
PD13634	7	86468776	G	A
PD13634	7	100676648	A	G
PD13634	7	100677104	G	A
PD13634	7	100678101	C	T
PD13634	7	100678136	G	A
PD13634	7	100678471	C	T
PD13634	7	100678585	C	A
PD13634	7	100678962	A	T
PD13634	7	100679848	C	T
PD13634	7	100680142	C	A
PD13634	7	100680529	C	T
PD13634	7	100680643	A	G
PD13634	7	100681478	C	T
PD13634	7	100681824	G	A
PD13634	7	100682136	C	T
PD13634	7	100683051	C	G
PD13634	7	100683243	C	T
PD13634	7	100683883	G	A
PD13634	7	100684356	G	A
PD13634	7	100684421	C	T
PD13634	7	100684573	G	A
PD13634	7	100685345	A	G
PD13634	7	100685547	C	T
PD13634	7	100685672	C	T
PD13634	7	100685995	G	A
PD13634	7	100686040	C	G
PD13634	7	100686048	C	T
PD13634	7	100686054	C	T
PD13634	7	100686065	G	A
PD13634	7	100686463	C	T
PD13634	7	100686721	T	A
PD13634	7	100692142	C	T
PD13634	7	100693796	C	T
PD13634	7	100693850	G	A
PD13634	7	100694949	G	A
PD13634	7	113517821	G	A
PD13634	7	113517917	G	A
PD13634	7	113518003	G	A
PD13634	7	113518006	G	T
PD13634	7	113518247	G	A
PD13634	7	113518368	T	C
PD13634	7	113518414	C	T
PD13634	7	113518645	C	T
PD13634	7	113518786	A	G
PD13634	7	113518865	C	T
PD13634	7	113519274	C	T
PD13634	7	113519373	C	T
PD13634	7	113519452	C	T
PD13634	7	113519999	G	A
PD13634	7	113520081	A	G
PD13634	7	113520094	A	C
PD13634	7	113522208	G	A
PD13634	7	113558576	A	C
PD13634	7	116380988	A	T
PD13634	7	116397588	T	G
PD13634	7	116435967	A	C
PD13634	7	128845253	G	A
PD13634	7	128850954	G	A
PD13634	7	128852058	G	A
PD13634	7	128852192	C	T
PD13634	7	140453123	C	G
PD13634	7	140494210	G	A
PD13634	7	148511214	GG	AA
PD13634	7	148526873	G	A
PD13634	7	151859683	G	A
PD13634	7	151859797	GG	AA
PD13634	7	151864314	C	T
PD13634	7	151877849	C	T
PD13634	7	151878079	C	T
PD13634	7	151878157	C	A
PD13634	7	151878394	G	T
PD13634	7	151878474	G	A
PD13634	7	151880124	C	T
PD13634	7	151884392	G	A
PD13634	7	152008915	G	A
PD13634	8	38272100	C	A
PD13634	8	38273455	G	T
PD13634	8	38275812	G	A
PD13634	8	38277107	T	C
PD13634	8	38277157	G	A
PD13634	8	38287216	G	T
PD13634	8	38314943	GG	AA
PD13634	8	38315058	G	A
PD13634	8	68931862	G	A
PD13634	8	68942895	T	A
PD13634	8	68956731	G	A
PD13634	8	68965463	G	A
PD13634	8	68965469	G	A
PD13634	8	68972935	G	A
PD13634	8	68981292	C	T
PD13634	8	68989682	T	A
PD13634	8	69005848	C	T
PD13634	8	69011979	T	A
PD13634	8	69021755	C	A
PD13634	8	69030885	T	C
PD13634	8	69031680	C	T
PD13634	8	69031726	T	C
PD13634	8	69031738	C	T
PD13634	8	69046298	T	G
PD13634	8	69103990	A	G
PD13634	9	98211495	G	A
PD13634	9	98220315	GG	AA
PD13634	9	98231135	G	A
PD13634	9	98231326	C	T
PD13634	9	139391438	G	A
PD13634	9	139392000	G	A
PD13634	9	139393695	C	T
PD13634	9	139395109	GG	AA
PD13634	9	139395129	G	C
PD13634	9	139396257	TG	C
PD13634	9	139396333	G	A
PD13634	9	139396800	GG	AA
PD13634	9	139396821	G	A
PD13634	9	139399486	C	A
PD13634	9	139400977	A	C
PD13634	9	139401065	C	T
PD13634	9	139401092	C	A
PD13634	9	139401337	GC	TT
PD13634	9	139401834	G	A
PD13634	9	139401844	C	A
PD13634	9	139405159	G	A
PD13634	9	139405159	GG	AA
PD13634	9	139405716	C	T
PD13634	9	139407472	C	T
PD13634	9	139409154	C	T
PD13634	9	139409155	C	T
PD13634	9	139410118	G	A
PD13634	9	139410450	GT	-
PD13634	9	139410495	G	A
PD13634	9	139411748	C	T
PD13634	9	139411783	C	A
PD13634	9	139411821	GT	AG
PD13634	9	139411828	C	A
PD13634	9	139411829	C	G
PD13634	9	139412204	C	A
PD13634	9	139412230	CC	TT
PD13634	9	139412240	C	A
PD13634	9	139412245	C	A
PD13634	9	139412248	G	A
PD13634	9	139412255	C	T
PD13634	9	139412266	GGG	GA
PD13634	9	139412282	C	T
PD13634	9	139412297	C	T
PD13634	9	139412300	A	T
PD13634	9	139412332	C	A
PD13634	9	139412337	G	A
PD13634	9	139412365	C	T
PD13634	9	139412380	GG	AA
PD13634	9	139412381	GG	AA
PD13634	9	139412594	GAGC	AAA
PD13634	9	139412603	T	C
PD13634	9	139412628	CC	TT
PD13634	9	139412652	A	G
PD13634	9	139412664	C	T
PD13634	9	139412673	G	A
PD13634	9	139412677	GG	AA
PD13634	9	139412690	G	A
PD13634	9	139412728	G	A
PD13634	9	139412730	G	A
PD13634	9	139412733	G	T
PD13634	9	139412736	A	C
PD13634	9	139412744	C	T
PD13634	9	139413042	C	T
PD13634	9	139413049	G	A
PD13634	9	139413085	G	C
PD13634	9	139413088	C	A
PD13634	9	139413088	C	T
PD13634	9	139413103	C	A
PD13634	9	139413116	GG	AA
PD13634	9	139413174	C	T
PD13634	9	139413214	C	A
PD13634	9	139413940	CC	TT
PD13634	9	139414026	A	T
PD13634	9	139417355	C	T
PD13634	9	139417403	T	A
PD13634	9	139417518	G	A
PD13634	9	139417541	G	A
PD13634	9	139417634	G	A
PD13634	9	139418247	T	G
PD13634	9	139418372	G	A
PD13634	9	139438556	T	A
PD13634	X	47032529	C	T
PD13634	X	47045571	G	A
PD18003	1	16455973	C	T
PD18003	1	16458638	C	T
PD18003	1	16458677	A	G
PD18003	1	16458886	T	C
PD18003	1	16462200	G	A
PD18003	1	16464430	G	C
PD18003	1	16464546	C	A
PD18003	1	16464597	C	T
PD18003	1	16464769	C	A
PD18003	1	16475244	G	A
PD18003	1	16482392	C	A
PD18003	1	27023565	C	T
PD18003	1	27023796	C	T
PD18003	1	27057781	C	T
PD18003	1	27057813	A	G
PD18003	1	27058025	C	T
PD18003	1	27087866	C	T
PD18003	1	27088784	C	T
PD18003	1	27089676	C	T
PD18003	1	27097748	C	T
PD18003	1	27099007	G	T
PD18003	1	27100871	G	T
PD18003	1	27100884	A	G
PD18003	1	120457991	G	A
PD18003	1	120458309	CC	-
PD18003	1	120458855	T	G
PD18003	1	120458897	G	A
PD18003	1	120459008	G	C
PD18003	1	120459042	C	T
PD18003	1	120460366	C	T
PD18003	1	120461996	T	C
PD18003	1	120462152	G	A
PD18003	1	120462204	G	C
PD18003	1	120462883	C	T
PD18003	1	120462996	CT	AA
PD18003	1	120464362	C	A
PD18003	1	120464987	C	T
PD18003	1	120466608	C	T
PD18003	1	120467973	C	A
PD18003	1	120468200	G	A
PD18003	1	120468279	C	-
PD18003	1	120468328	G	A
PD18003	1	120468399	C	G
PD18003	1	120469147	T	C
PD18003	1	120471628	T	G
PD18003	1	120471651	G	C
PD18003	1	120471704	C	T
PD18003	1	120471825	A	C
PD18003	1	120478119	A	C
PD18003	1	120480099	C	T
PD18003	1	120480526	A	C
PD18003	1	120483218	C	A
PD18003	1	120483337	G	-
PD18003	1	120484344	C	A
PD18003	1	120484369	GG	AA
PD18003	1	120491193	G	A
PD18003	1	120491677	G	C
PD18003	1	120491743	T	A
PD18003	1	120493415	C	A
PD18003	1	120493451	CAGT	-
PD18003	1	120497680	AC	-
PD18003	1	120497765	C	T
PD18003	1	120502095	C	A
PD18003	1	120506321	GGG	GA
PD18003	1	120506335	A	G
PD18003	1	120506380	G	A
PD18003	1	120506385	G	A
PD18003	1	120508084	C	A
PD18003	1	120508150	C	T
PD18003	1	120510056	C	A
PD18003	1	120510065	A	T
PD18003	1	120510092	C	G
PD18003	1	120510119	G	A
PD18003	1	120510152	A	C
PD18003	1	120510155	G	C
PD18003	1	120510217	C	T
PD18003	1	120510229	C	A
PD18003	1	120510699	C	T
PD18003	1	120510708	C	T
PD18003	1	120510744	T	C
PD18003	1	120510812	G	C
PD18003	1	120510816	G	A
PD18003	1	120510817	G	A
PD18003	1	120510835	C	A
PD18003	1	120510841	GA	TG
PD18003	1	120510856	C	T
PD18003	1	120510857	T	A
PD18003	1	120512172	A	G
PD18003	1	120512179	C	T
PD18003	1	120512203	A	T
PD18003	1	120512228	GT	AA
PD18003	1	120512257	C	A
PD18003	1	120512298	C	T
PD18003	1	120512305	C	A
PD18003	1	120512331	A	C
PD18003	1	120529606	C	T
PD18003	1	120529639	C	T
PD18003	1	120611991	CC	TT
PD18003	1	120612021	C	G
PD18003	1	152323341	A	T
PD18003	1	152323476	T	G
PD18003	1	152323984	C	G
PD18003	1	152324191	C	T
PD18003	1	152324281	T	G
PD18003	1	152324483	C	T
PD18003	1	152325349	G	A
PD18003	1	152325634	G	A
PD18003	1	152325650	C	T
PD18003	1	152326027	C	G
PD18003	1	152326327	C	T
PD18003	1	152326350	T	A
PD18003	1	152326822	C	T
PD18003	1	152326895	C	T
PD18003	1	152327155	G	A
PD18003	1	152327368	CC	TT
PD18003	1	152327430	C	T
PD18003	1	152327809	G	T
PD18003	1	152327893	T	A
PD18003	1	152328013	G	A
PD18003	1	152328285	T	A
PD18003	1	152329195	C	T
PD18003	1	152329321	T	G
PD18003	1	152329352	C	T
PD18003	1	152331299	T	A
PD18003	1	207640011	A	G
PD18003	1	207640087	C	T
PD18003	1	207640174	A	G
PD18003	1	207642499	C	T
PD18003	1	207643268	T	C
PD18003	1	207643315	C	A
PD18003	1	207644123	G	A
PD18003	1	207644208	C	T
PD18003	1	207644776	T	G
PD18003	1	207644830	T	C
PD18003	1	207646268	CC	TT
PD18003	1	207646438	A	T
PD18003	1	207646941	C	T
PD18003	1	207647674	T	C
PD18003	1	207648509	G	A
PD18003	1	207651310	G	A
PD18003	1	207651364	C	T
PD18003	1	209961898	G	A
PD18003	1	209964115	T	G
PD18003	1	209969858	C	A
PD18003	1	209974651	G	C
PD18003	10	104352390	A	G
PD18003	10	104353787	G	A
PD18003	10	104375132	CC	TT
PD18003	10	123239448	C	A
PD18003	10	123244991	G	A
PD18003	10	123245006	C	G
PD18003	10	123256164	G	A
PD18003	10	123274683	T	A
PD18003	10	123276964	T	A
PD18003	10	123278251	A	T
PD18003	10	123310827	C	T
PD18003	10	123310979	T	C
PD18003	11	532720	C	T
PD18003	11	533548	C	T
PD18003	11	533554	T	C
PD18003	11	533832	C	T
PD18003	11	534285	C	T
PD18003	11	534288	C	T
PD18003	11	69456102	C	A
PD18003	11	69458696	G	T
PD18003	11	69465879	C	T
PD18003	11	118307424	C	A
PD18003	11	118309840	G	T
PD18003	11	118339566	C	T
PD18003	11	118342568	A	C
PD18003	11	118343283	C	T
PD18003	11	118343385	G	T
PD18003	11	118347596	CC	TT
PD18003	11	118348842	GG	AA
PD18003	11	118352534	T	A
PD18003	11	118352550	C	T
PD18003	11	118353174	C	T
PD18003	11	118363912	G	A
PD18003	11	118370621	G	A
PD18003	11	118373385	GG	AA
PD18003	11	118373419	G	A
PD18003	11	118376025	C	T
PD18003	11	118376107	C	T
PD18003	11	118390701	T	G
PD18003	12	25368408	G	A
PD18003	12	25398284	C	A
PD18003	12	46211605	A	T
PD18003	12	46215264	C	A
PD18003	12	46230375	T	A
PD18003	12	46230548	G	A
PD18003	12	46230713	A	G
PD18003	12	46240689	G	A
PD18003	12	46243404	C	T
PD18003	12	46244136	G	T
PD18003	12	46244254	T	G
PD18003	12	46244609	C	T
PD18003	12	46244840	A	T
PD18003	12	46245185	T	G
PD18003	12	46245756	A	T
PD18003	12	46246428	G	-
PD18003	12	47628963	G	A
PD18003	12	47628976	A	T
PD18003	12	47629149	CC	TT
PD18003	12	47629378	C	T
PD18003	12	47629513	G	A
PD18003	12	47629582	G	T
PD18003	12	47629802	A	G
PD18003	12	49416503	CGAGC	AGAGA
PD18003	12	49416638	G	A
PD18003	12	49418643	C	A
PD18003	12	49418660	GG	-
PD18003	12	49420277	C	T
PD18003	12	49420430	T	A
PD18003	12	49420574	G	A
PD18003	12	49420896	T	A
PD18003	12	49422879	G	A
PD18003	12	49422895	CC	TT
PD18003	12	49422908	C	T
PD18003	12	49424703	G	A
PD18003	12	49424741	GG	AA
PD18003	12	49424743	G	A
PD18003	12	49424816	C	T
PD18003	12	49425125	G	A
PD18003	12	49426026	G	A
PD18003	12	49427047	T	A
PD18003	12	49427449	T	G
PD18003	12	49428201	C	T
PD18003	12	49428240	G	T
PD18003	12	49428414	CC	TT
PD18003	12	49431693	G	A
PD18003	12	49432300	G	A
PD18003	12	49432396	G	A
PD18003	12	49432709	T	C
PD18003	12	49433900	G	A
PD18003	12	49434175	GG	AA
PD18003	12	49434176	G	A
PD18003	12	49434378	G	A
PD18003	12	49434623	G	A
PD18003	12	49434710	G	A
PD18003	12	49434975	G	-
PD18003	12	49435000	GGGG	GGA
PD18003	12	49435055	C	T
PD18003	12	49435095	G	A
PD18003	12	49436571	G	A
PD18003	12	49436902	A	G
PD18003	12	49437547	C	T
PD18003	12	49437723	A	C
PD18003	12	49437998	C	T
PD18003	12	49438587	GG	AA
PD18003	12	49439723	G	A
PD18003	12	49442980	C	T
PD18003	12	49444543	A	G
PD18003	12	49444739	GG	AA
PD18003	12	49444935	G	A
PD18003	12	49444960	G	A
PD18003	12	49445224	C	T
PD18003	12	49446108	G	A
PD18003	12	49447106	T	A
PD18003	12	49448381	C	A
PD18003	12	56477694	A	T
PD18003	12	56481853	C	T
PD18003	12	56487188	CC	TT
PD18003	12	56492394	G	T
PD18003	12	56492648	C	T
PD18003	12	56493509	C	T
PD18003	12	56494991	G	G
PD18003	12	56495013	C	T
PD18003	12	56495134	C	T
PD18003	13	48916730	C	T
PD18003	13	48921999	C	T
PD18003	13	48923110	T	C
PD18003	13	49037901	T	G
PD18003	14	23444056	GG	AA
PD18003	14	23444218	G	A
PD18003	14	23444297	C	A
PD18003	14	23445910	G	A
PD18003	14	23445911	C	A
PD18003	14	63174255	C	T
PD18003	14	63174637	A	C
PD18003	14	63174906	T	G
PD18003	14	63174947	C	T
PD18003	14	63175137	C	T
PD18003	14	63246516	A	C
PD18003	14	63416882	C	G
PD18003	14	63447722	G	A
PD18003	14	63447854	G	A
PD18003	14	63447936	G	A
PD18003	14	63447959	G	A
PD18003	14	63453813	G	A
PD18003	14	63453871	C	G
PD18003	14	63453887	C	T
PD18003	14	95557574	C	A
PD18003	14	95557647	G	A
PD18003	14	95560304	GA	AT
PD18003	14	95562651	C	A
PD18003	14	95562797	G	A
PD18003	14	95569770	G	A
PD18003	14	95569865	G	A
PD18003	14	95574818	C	A
PD18003	14	95574834	C	T
PD18003	14	105237099	A	T
PD18003	14	105239264	C	A
PD18003	16	3777887	G	A
PD18003	16	3777896	G	A
PD18003	16	3778821	G	A
PD18003	16	3779643	A	G
PD18003	16	3786661	T	C
PD18003	16	3786662	G	A
PD18003	16	3789627	C	T
PD18003	16	3789649	C	G
PD18003	16	3790399	C	T
PD18003	16	3795358	A	G
PD18003	16	3807904	G	T
PD18003	16	3817813	G	A
PD18003	16	3820581	GG	AA
PD18003	16	3827668	C	-
PD18003	16	3828809	G	T
PD18003	16	3830856	T	A
PD18003	16	3843481	G	A
PD18003	16	3860616	G	A
PD18003	16	3900599	G	A
PD18003	16	9857281	C	A
PD18003	16	9857408	G	A
PD18003	16	9857784	C	A
PD18003	16	9858001	G	T
PD18003	16	9858370	GG	AA
PD18003	16	9858390	G	A
PD18003	16	9858428	G	A
PD18003	16	9858524	G	A
PD18003	16	9858604	C	T
PD18003	16	9862762	G	A
PD18003	16	9923280	C	T
PD18003	16	9923465	G	A
PD18003	16	9928053	A	C
PD18003	16	9934573	A	G
PD18003	16	9934597	C	T
PD18003	16	9934660	G	A
PD18003	16	9934661	G	A
PD18003	16	9934919	C	T
PD18003	16	9943624	G	A
PD18003	16	9943756	GG	AA
PD18003	16	9984856	C	A
PD18003	16	9984905	C	A
PD18003	16	10031943	C	T
PD18003	16	10032235	C	T
PD18003	16	10273845	C	T
PD18003	16	10274000	A	C
PD18003	16	51171121	G	A
PD18003	16	51171264	A	T
PD18003	16	51172673	TC	CT
PD18003	16	51173085	C	A
PD18003	16	51173141	A	G
PD18003	16	51173506	C	A
PD18003	16	51173577	G	A
PD18003	16	51173633	C	T
PD18003	16	51173646	C	A
PD18003	16	51173715	C	T
PD18003	16	51173774	T	C
PD18003	16	51174110	G	A
PD18003	16	51174168	G	T
PD18003	16	51174179	C	T
PD18003	16	51174180	G	A
PD18003	16	51174326	T	A
PD18003	16	51174370	G	T
PD18003	16	51174443	G	A
PD18003	16	51174555	G	A
PD18003	16	51174609	C	G
PD18003	16	51174702	G	A
PD18003	16	51174941	C	A
PD18003	16	51175306	CG	AA
PD18003	16	51175392	G	A
PD18003	16	51175457	C	T
PD18003	16	51175485	G	T
PD18003	16	51175513	A	G
PD18003	16	51175866	G	A
PD18003	16	51175900	G	T
PD18003	16	51175914	G	T
PD18003	16	51176013	C	T
PD18003	16	68771348	GCT	-
PD18003	16	68835591	C	T
PD18003	16	68835694	G	A
PD18003	16	68842398	G	A
PD18003	16	68847234	GAG	AAA
PD18003	16	68847460	C	G
PD18003	16	68857440	C	A
PD18003	16	68862110	G	A
PD18003	16	68863566	T	A
PD18003	16	77317905	T	C
PD18003	16	77323292	C	T
PD18003	16	77327041	C	G
PD18003	16	77331198	G	A
PD18003	16	77331256	A	T
PD18003	16	77334235	T	C
PD18003	16	77353793	C	T
PD18003	16	77353841	G	A
PD18003	16	77353875	G	T
PD18003	16	77353878	G	A
PD18003	16	77369751	G	T
PD18003	16	77375659	T	A
PD18003	16	77375666	C	A
PD18003	16	77387705	C	T
PD18003	16	77387789	A	C
PD18003	16	77389909	G	A
PD18003	16	77389917	G	A
PD18003	16	77389943	G	A
PD18003	16	77393234	C	A
PD18003	16	77396086	T	A
PD18003	16	77397734	C	T
PD18003	16	77398079	G	A
PD18003	16	77398126	T	A
PD18003	16	77398227	CC	AG
PD18003	16	77401405	C	T
PD18003	16	77401437	A	T
PD18003	16	77401486	C	A
PD18003	16	77465489	T	A
PD18003	16	77465509	C	T
PD18003	16	77465516	GG	TT
PD18003	16	77468525	G	A
PD18003	16	77468599	G	T
PD18003	17	7556012	T	A
PD18003	17	7556181	G	A
PD18003	17	7558133	G	A
PD18003	17	7558877	C	A
PD18003	17	7559064	C	A
PD18003	17	7559790	CC	-
PD18003	17	7560509	G	T
PD18003	17	7560823	G	A
PD18003	17	7560947	G	A
PD18003	17	7564172	C	A
PD18003	17	7564200	C	A
PD18003	17	7564239	C	A
PD18003	17	7564313	A	G
PD18003	17	7569142	T	C
PD18003	17	7570280	G	A
PD18003	17	7570834	GG	AA
PD18003	17	7570976	C	A
PD18003	17	7571039	CC	TT
PD18003	17	7571260	G	A
PD18003	17	7571497	G	A
PD18003	17	7572786	GGG	GA
PD18003	17	7573057	G	A
PD18003	17	7573892	GG	AA
PD18003	17	7574003	GG	AA
PD18003	17	7574109	T	A
PD18003	17	7576686	G	A
PD18003	17	7576851	A	C
PD18003	17	7577046	C	A
PD18003	17	7577094	G	A
PD18003	17	7577120	C	A
PD18003	17	7577518	T	A
PD18003	17	7577537	CC	TT
PD18003	17	7577538	C	A
PD18003	17	7577539	G	A
PD18003	17	7577548	C	T
PD18003	17	7577568	C	A
PD18003	17	7577575	A	G
PD18003	17	7577580	T	C
PD18003	17	7577636	GG	AA
PD18003	17	7578176	C	T
PD18003	17	7578179	C	A
PD18003	17	7578191	A	G
PD18003	17	7578239	C	A
PD18003	17	7578263	G	A
PD18003	17	7578455	C	G
PD18003	17	7578457	C	A
PD18003	17	7578461	C	A
PD18003	17	7578540	G	A
PD18003	17	7578555	C	T
PD18003	17	7579153	A	T
PD18003	17	7579265	G	A
PD18003	17	7579311	CC	TT
PD18003	17	7579378	G	A
PD18003	17	7579543	G	A
PD18003	17	7579709	G	A
PD18003	17	7579714	C	A
PD18003	17	7580696	A	G
PD18003	17	7581113	C	T
PD18003	17	7581258	T	A
PD18003	17	7583169	C	A
PD18003	17	7589679	T	A
PD18003	17	7589688	G	T
PD18003	17	29486084	G	T
PD18003	17	29508477	G	A
PD18003	17	29508779	C	T
PD18003	17	29528084	C	T
PD18003	17	29533305	G	T
PD18003	17	29546076	A	T
PD18003	17	29546078	GG	TT
PD18003	17	29548886	C	T
PD18003	17	29559838	G	A
PD18003	17	29575994	T	C
PD18003	17	29585493	C	T
PD18003	17	29653080	A	G
PD18003	17	29653274	A	T
PD18003	17	29654737	G	A
PD18003	17	29663437	G	T
PD18003	17	29665066	C	T
PD18003	17	29677314	C	A
PD18003	17	29684113	G	A
PD18003	17	29684382	T	G
PD18003	17	29685576	A	G
PD18003	17	37863275	C	T
PD18003	17	37881028	T	A
PD18003	17	37881340	GG	AA
PD18003	17	37883194	C	T
PD18003	17	37883585	C	T
PD18003	17	37883800	G	A
PD18003	18	48575082	T	G
PD18003	18	48584781	C	A
PD18003	18	48604765	A	T
PD18003	19	10599932	G	A
PD18003	19	10602669	C	T
PD18003	19	10602781	G	A
PD18003	19	10610144	T	A
PD18003	19	10610316	CC	TT
PD18003	19	10610687	C	T
PD18003	19	15271491	C	T
PD18003	19	15271536	A	T
PD18003	19	15271583	C	T
PD18003	19	15271758	G	A
PD18003	19	15272187	C	A
PD18003	19	15276251	G	A
PD18003	19	15276631	T	A
PD18003	19	15276715	G	A
PD18003	19	15278206	A	T
PD18003	19	15278209	C	T
PD18003	19	15278229	G	T
PD18003	19	15281173	C	T
PD18003	19	15285130	C	T
PD18003	19	15288489	C	A
PD18003	19	15288723	C	A
PD18003	19	15289891	G	-
PD18003	19	15289932	C	A
PD18003	19	15289949	C	A
PD18003	19	15290284	A	T
PD18003	19	15290983	C	A
PD18003	19	15291923	C	A
PD18003	19	15292531	C	T
PD18003	19	15292586	G	-
PD18003	19	15298710	C	A
PD18003	19	15299094	C	G
PD18003	19	15300083	C	T
PD18003	19	15302438	C	A
PD18003	19	15303287	G	A
PD18003	19	40740926	C	A
PD18003	19	40741846	C	A
PD18003	19	40744802	C	A
PD18003	19	40748522	C	T
PD18003	2	21225496	G	A
PD18003	2	21225617	G	T
PD18003	2	21225814	G	A
PD18003	2	21226027	G	A
PD18003	2	21228225	C	T
PD18003	2	21228246	A	T
PD18003	2	21228912	A	T
PD18003	2	21228999	C	A
PD18003	2	21229448	G	T
PD18003	2	21229988	T	C
PD18003	2	21230243	T	A
PD18003	2	21230715	G	T
PD18003	2	21230763	C	T
PD18003	2	21230851	G	A
PD18003	2	21230873	G	A
PD18003	2	21231277	C	T
PD18003	2	21231384	C	T
PD18003	2	21232000	C	A
PD18003	2	21232140	G	A
PD18003	2	21232319	T	C
PD18003	2	21235060	G	A
PD18003	2	21235163	T	A
PD18003	2	21235257	A	T
PD18003	2	21235262	G	A
PD18003	2	21235361	G	A
PD18003	2	21235396	G	A
PD18003	2	21236055	T	C
PD18003	2	21236353	G	A
PD18003	2	21236398	G	T
PD18003	2	21237325	T	C
PD18003	2	21239424	G	A
PD18003	2	21242657	G	A
PD18003	2	21245896	C	A
PD18003	2	21246419	C	A
PD18003	2	21249674	C	T
PD18003	2	21249827	C	T
PD18003	2	21251316	T	G
PD18003	2	21256307	GG	AA
PD18003	2	21256400	G	A
PD18003	2	21260931	CC	TT
PD18003	2	21260940	G	T
PD18003	2	166847852	G	A
PD18003	2	166848557	G	T
PD18003	2	166852571	C	T
PD18003	2	166852595	T	C
PD18003	2	166859089	G	A
PD18003	2	166868705	G	A
PD18003	2	166870343	T	A
PD18003	2	166872137	G	T
PD18003	2	166892770	G	C
PD18003	2	166892909	C	T
PD18003	2	166892923	C	T
PD18003	2	166894453	A	T
PD18003	2	166894550	G	T
PD18003	2	166895972	G	T
PD18003	2	166895990	C	A
PD18003	2	166896034	C	-
PD18003	2	166897855	G	C
PD18003	2	166897877	A	G
PD18003	2	166897895	C	A
PD18003	2	166900231	A	G
PD18003	2	166900305	C	T
PD18003	2	166900470	C	T
PD18003	2	166900483	C	T
PD18003	2	166900526	G	A
PD18003	2	166901820	A	T
PD18003	2	166901827	G	A
PD18003	2	166903430	C	G
PD18003	2	166905460	C	T
PD18003	2	166911221	C	T
PD18003	2	166915193	A	T
PD18003	2	166930041	C	T
PD18003	2	166930080	T	G
PD18003	2	166930104	C	T
PD18003	2	166930114	A	C
PD18003	2	178096383	G	C
PD18003	2	202131382	A	G
PD18003	2	202131470	A	T
PD18003	2	202131474	G	A
PD18003	2	202136315	A	T
PD18003	2	202149797	T	A
PD18003	2	212248370	T	A
PD18003	2	212248383	A	G
PD18003	2	212248491	A	C
PD18003	2	212248631	A	C
PD18003	2	212248688	A	G
PD18003	2	212251642	C	T
PD18003	2	212251707	G	A
PD18003	2	212251766	G	T
PD18003	2	212251870	C	T
PD18003	2	212251874	T	C
PD18003	2	212252680	G	A
PD18003	2	212285172	C	T
PD18003	2	212285194	G	A
PD18003	2	212285277	C	T
PD18003	2	212286810	G	T
PD18003	2	212288918	G	T
PD18003	2	212288974	A	C
PD18003	2	212289018	T	C
PD18003	2	212293140	C	G
PD18003	2	212295786	C	T
PD18003	2	212295810	C	-
PD18003	2	212295824	C	T
PD18003	2	212426688	G	A
PD18003	2	212426688	G	T
PD18003	2	212484001	C	A
PD18003	2	212488710	C	T
PD18003	2	212488744	C	T
PD18003	2	212495242	A	G
PD18003	2	212495246	A	T
PD18003	2	212522529	G	T
PD18003	2	212522711	C	T
PD18003	2	212537939	C	A
PD18003	2	212543911	T	A
PD18003	2	212566819	G	A
PD18003	2	212570044	T	A
PD18003	2	212570059	T	G
PD18003	2	212570071	G	T
PD18003	2	212578285	T	C
PD18003	2	212587175	C	A
PD18003	2	212587204	A	G
PD18003	2	212587245	G	A
PD18003	2	225339062	G	A
PD18003	2	225342988	C	A
PD18003	2	225365147	T	A
PD18003	2	225368476	C	T
PD18003	2	225370850	C	A
PD18003	2	225378295	G	A
PD18003	2	225427983	A	T
PD18003	2	225449663	G	A
PD18003	2	228846438	C	T
PD18003	2	228846513	C	A
PD18003	2	228846577	C	G
PD18003	2	228855864	G	A
PD18003	2	228855884	C	T
PD18003	2	228858315	A	C
PD18003	2	228881342	C	T
PD18003	2	228881477	G	T
PD18003	2	228881496	A	T
PD18003	2	228881572	G	A
PD18003	2	228881583	C	A
PD18003	2	228881728	G	T
PD18003	2	228881913	CC	TT
PD18003	2	228882050	G	A
PD18003	2	228882083	C	T
PD18003	2	228882103	G	T
PD18003	2	228882147	C	T
PD18003	2	228882158	C	T
PD18003	2	228882349	C	T
PD18003	2	228882368	G	A
PD18003	2	228882376	G	A
PD18003	2	228882435	C	A
PD18003	2	228882519	C	T
PD18003	2	228882546	G	A
PD18003	2	228882754	G	T
PD18003	2	228882884	C	T
PD18003	2	228883084	G	A
PD18003	2	228883122	A	T
PD18003	2	228883126	G	A
PD18003	2	228883307	C	T
PD18003	2	228883357	G	A
PD18003	2	228883584	G	A
PD18003	2	228883885	G	A
PD18003	2	228883930	G	T
PD18003	2	228883992	C	T
PD18003	2	228884117	C	T
PD18003	2	228884484	C	A
PD18003	2	228884730	C	T
PD18003	2	228884787	C	T
PD18003	2	228884867	C	T
PD18003	2	228886580	G	T
PD18003	2	228890233	G	A
PD18003	2	228892263	G	A
PD18003	2	228996775	T	C
PD18003	20	8130965	A	T
PD18003	20	8130977	G	T
PD18003	20	8609072	G	T
PD18003	20	8626814	A	C
PD18003	20	8637829	A	T
PD18003	20	8637882	C	T
PD18003	20	8637906	G	A
PD18003	20	8639283	C	T
PD18003	20	8665592	G	A
PD18003	20	8678336	G	A
PD18003	20	8678362	G	A
PD18003	20	8698325	C	G
PD18003	20	8698392	A	C
PD18003	20	8703062	GG	AA
PD18003	20	8705409	C	T
PD18003	20	8709796	G	A
PD18003	20	8713994	T	G
PD18003	20	8717737	T	G
PD18003	20	8717804	C	T
PD18003	20	8721036	C	T
PD18003	20	8722174	A	G
PD18003	20	8722178	G	T
PD18003	20	8731498	G	T
PD18003	20	8731540	C	G
PD18003	20	8731555	G	T
PD18003	20	8745892	G	A
PD18003	20	8770179	T	A
PD18003	20	8770832	C	T
PD18003	20	8782749	C	T
PD18003	20	8782773	C	T
PD18003	20	8862278	G	A
PD18003	20	8862341	C	A
PD18003	20	40709566	A	G
PD18003	20	40710600	G	A
PD18003	20	40714410	C	A
PD18003	20	40730758	G	T
PD18003	20	40733276	G	A
PD18003	20	40744685	GG	AA
PD18003	20	40790000	C	T
PD18003	20	40827924	T	C
PD18003	20	40827937	T	C
PD18003	20	40828033	G	A
PD18003	20	40911168	G	C
PD18003	20	40944393	G	C
PD18003	20	40944425	G	A
PD18003	20	41076938	T	A
PD18003	20	41100906	C	T
PD18003	20	41100995	G	A
PD18003	20	41101024	G	T
PD18003	20	41101044	C	A
PD18003	20	41306711	C	T
PD18003	20	41306745	A	T
PD18003	20	41400164	G	T
PD18003	20	41400176	A	T
PD18003	20	41400186	T	A
PD18003	20	41419898	G	A
PD18003	20	41419900	C	T
PD18003	20	41419925	C	T
PD18003	20	54956620	T	G
PD18003	22	38097369	C	T
PD18003	22	38119797	C	T
PD18003	22	38120655	A	G
PD18003	22	38120731	C	T
PD18003	22	38121202	C	T
PD18003	22	38121225	C	T
PD18003	22	38121687	C	T
PD18003	22	38121819	C	T
PD18003	22	38121854	G	T
PD18003	22	38122121	C	T
PD18003	22	38122320	C	T
PD18003	22	38131042	C	T
PD18003	22	38131075	C	T
PD18003	22	38131386	G	T
PD18003	22	38136943	C	A
PD18003	22	38153828	C	T
PD18003	22	38154044	CT	TG
PD18003	22	38154077	C	G
PD18003	22	38161675	A	C
PD18003	3	38888252	A	G
PD18003	3	38888281	A	C
PD18003	3	38888526	G	A
PD18003	3	38888583	C	A
PD18003	3	38889119	C	T
PD18003	3	38889217	G	A
PD18003	3	38891974	A	G
PD18003	3	38904689	A	T
PD18003	3	38908857	G	A
PD18003	3	38913110	C	A
PD18003	3	38924756	T	C
PD18003	3	38924885	G	A
PD18003	3	38927638	A	T
PD18003	3	38927673	C	T
PD18003	3	38936181	G	A
PD18003	3	38936213	GG	AA
PD18003	3	38936346	C	T
PD18003	3	38936383	C	T
PD18003	3	38936398	C	A
PD18003	3	38938713	T	A
PD18003	3	38941376	G	A
PD18003	3	38945399	T	A
PD18003	3	38946699	G	T
PD18003	3	38949561	G	A
PD18003	3	38950530	C	T
PD18003	3	38951638	C	T
PD18003	3	38961476	C	T
PD18003	3	38962641	T	A
PD18003	3	38968341	G	A
PD18003	3	38991740	C	T
PD18003	3	47058605	T	C
PD18003	3	47103653	C	T
PD18003	3	47139545	C	A
PD18003	3	47161946	C	T
PD18003	3	47162715	T	G
PD18003	3	47164245	T	A
PD18003	3	47164342	G	A
PD18003	3	47164739	C	T
PD18003	3	47164810	G	A
PD18003	3	47165029	G	A
PD18003	3	47165667	G	A
PD18003	3	47165859	G	A
PD18003	3	178916924	C	T
PD18003	3	178919193	G	A
PD18003	3	178919283	A	G
PD18003	3	178952049	C	T
PD18003	3	189349354	C	T
PD18003	3	189456557	C	T
PD18003	3	189526295	G	C
PD18003	3	189582108	G	T
PD18003	3	189582202	A	G
PD18003	3	189586498	G	A
PD18003	3	189590737	G	T
PD18003	4	1795701	G	T
PD18003	4	1795704	G	A
PD18003	4	1803251	T	A
PD18003	4	1803348	T	A
PD18003	4	1804642	C	T
PD18003	4	1804675	G	C
PD18003	4	1804719	C	T
PD18003	4	1804797	G	T
PD18003	4	1805427	C	T
PD18003	4	1806059	G	T
PD18003	4	1806088	GG	AT
PD18003	4	1806099	A	G
PD18003	4	1807167	G	T
PD18003	4	1807347	C	-
PD18003	4	1807471	C	T
PD18003	4	1807889	A	G
PD18003	4	1807890	A	T
PD18003	4	1808019	C	T
PD18003	4	126237867	C	A
PD18003	4	126238480	T	C
PD18003	4	126239141	C	A
PD18003	4	126239197	T	A
PD18003	4	126239303	G	A
PD18003	4	126240202	T	C
PD18003	4	126240263	T	A
PD18003	4	126240367	A	G
PD18003	4	126240596	T	G
PD18003	4	126240894	G	A
PD18003	4	126240912	G	C
PD18003	4	126241378	GC	AT
PD18003	4	126241451	C	A
PD18003	4	126241821	A	G
PD18003	4	126242430	C	T
PD18003	4	126328025	C	T
PD18003	4	126328093	T	G
PD18003	4	126329673	G	T
PD18003	4	126329718	G	T
PD18003	4	126329923	T	G
PD18003	4	126336832	C	A
PD18003	4	126336841	T	G
PD18003	4	126336940	A	C
PD18003	4	126337695	C	T
PD18003	4	126367465	G	A
PD18003	4	126369743	C	T
PD18003	4	126369793	A	T
PD18003	4	126370245	G	T
PD18003	4	126370385	T	A
PD18003	4	126370534	G	A
PD18003	4	126371044	G	A
PD18003	4	126371593	C	T
PD18003	4	126371742	T	G
PD18003	4	126371772	C	T
PD18003	4	126371776	C	T
PD18003	4	126372353	C	A
PD18003	4	126372684	G	A
PD18003	4	126372783	C	T
PD18003	4	126373089	G	A
PD18003	4	126373548	C	A
PD18003	4	126389827	C	T
PD18003	4	126398468	C	A
PD18003	4	126408632	G	T
PD18003	4	126408714	C	T
PD18003	4	126411077	C	A
PD18003	4	126411360	CT	AA
PD18003	4	126411501	C	T
PD18003	4	126411577	G	A
PD18003	4	126411802	C	T
PD18003	4	126411870	GG	AA
PD18003	4	126411930	C	T
PD18003	4	126412679	G	A
PD18003	4	126412693	C	A
PD18003	4	126412742	G	A
PD18003	4	126412858	G	A
PD18003	4	153244132	G	A
PD18003	4	153245516	G	A
PD18003	4	153247180	G	A
PD18003	4	153268210	C	A
PD18003	4	153332703	T	C
PD18003	4	153332774	C	G
PD18003	4	153332890	G	A
PD18003	4	175896707	G	T
PD18003	4	175896788	A	G
PD18003	4	175896841	C	T
PD18003	4	175896871	C	T
PD18003	4	175896999	G	A
PD18003	4	175897060	G	T
PD18003	4	175897067	G	T
PD18003	4	175897254	G	T
PD18003	4	175897275	T	C
PD18003	4	175897313	C	T
PD18003	4	175897372	G	C
PD18003	4	175897554	G	A
PD18003	4	175897687	T	C
PD18003	4	175897725	C	G
PD18003	4	175897847	A	G
PD18003	4	175897877	G	A
PD18003	4	175897927	G	A
PD18003	4	175898066	C	T
PD18003	4	175898126	G	A
PD18003	4	175898164	G	A
PD18003	4	175898243	G	A
PD18003	4	175898624	C	T
PD18003	4	175898831	G	A
PD18003	4	187509822	T	A
PD18003	4	187509962	G	A
PD18003	4	187511558	C	T
PD18003	4	187513852	G	T
PD18003	4	187517814	C	A
PD18003	4	187518087	G	A
PD18003	4	187518175	CGT	TG
PD18003	4	187518255	C	T
PD18003	4	187519264	C	A
PD18003	4	187521055	C	T
PD18003	4	187521298	C	A
PD18003	4	187521356	T	A
PD18003	4	187521406	CC	AT
PD18003	4	187521516	T	C
PD18003	4	187524328	A	T
PD18003	4	187524449	G	A
PD18003	4	187524560	G	A
PD18003	4	187524567	G	A
PD18003	4	187524732	GG	AA
PD18003	4	187525531	C	A
PD18003	4	187527356	G	T
PD18003	4	187527359	A	G
PD18003	4	187530954	C	T
PD18003	4	187532539	C	T
PD18003	4	187532593	T	G
PD18003	4	187532598	G	A
PD18003	4	187534263	C	A
PD18003	4	187535499	C	A
PD18003	4	187538236	C	T
PD18003	4	187539093	A	T
PD18003	4	187539164	G	A
PD18003	4	187539422	C	T
PD18003	4	187539564	G	A
PD18003	4	187539794	T	A
PD18003	4	187539892	A	-
PD18003	4	187539938	T	C
PD18003	4	187539951	G	A
PD18003	4	187540311	G	A
PD18003	4	187540335	C	A
PD18003	4	187540505	AC	-
PD18003	4	187540805	G	T
PD18003	4	187541521	G	A
PD18003	4	187541553	C	A
PD18003	4	187541654	G	T
PD18003	4	187542339	T	A
PD18003	4	187542414	C	T
PD18003	4	187542836	A	G
PD18003	4	187549699	G	A
PD18003	4	187549797	C	A
PD18003	4	187549813	C	-
PD18003	4	187549851	C	A
PD18003	4	187549857	CA	TT
PD18003	4	187549918	C	T
PD18003	4	187549923	A	G
PD18003	4	187557782	G	A
PD18003	4	187557848	G	A
PD18003	4	187557946	A	T
PD18003	4	187584555	G	A
PD18003	4	187584746	C	A
PD18003	4	187584768	C	T
PD18003	4	187627774	GG	AA
PD18003	4	187627782	C	T
PD18003	4	187628186	A	T
PD18003	4	187628478	T	A
PD18003	4	187628509	C	G
PD18003	4	187628769	AA	-
PD18003	4	187629122	G	A
PD18003	4	187629212	A	C
PD18003	4	187629243	C	T
PD18003	4	187629334	CC	A
PD18003	4	187629529	G	T
PD18003	4	187629640	T	G
PD18003	4	187629680	A	-
PD18003	4	187629729	C	T
PD18003	4	187629742	T	A
PD18003	4	187629967	T	A
PD18003	4	187630033	C	A
PD18003	4	187630045	T	A
PD18003	4	187630303	G	A
PD18003	4	187630474	T	A
PD18003	5	176562391	CC	TA
PD18003	5	176637240	G	T
PD18003	5	176637351	C	T
PD18003	5	176637576	T	C
PD18003	5	176638290	A	T
PD18003	5	176638891	A	G
PD18003	5	176665432	C	G
PD18003	5	176666789	A	T
PD18003	5	176671271	G	A
PD18003	5	176673801	T	A
PD18003	5	176684128	C	A
PD18003	5	176707767	CC	TT
PD18003	5	176721198	T	T
PD18003	5	176721623	CC	AT
PD18003	6	32163404	C	T
PD18003	6	32163486	G	C
PD18003	6	32163526	G	A
PD18003	6	32163610	C	T
PD18003	6	32163787	C	T
PD18003	6	32163858	CC	AA
PD18003	6	32169174	C	A
PD18003	6	32169177	G	A
PD18003	6	32169976	C	A
PD18003	6	32169987	G	A
PD18003	6	32172005	C	A
PD18003	6	32178698	G	A
PD18003	6	32180298	A	T
PD18003	6	32185036	G	T
PD18003	6	32187989	G	A
PD18003	6	32188068	G	A
PD18003	6	32191672	G	A
PD18003	6	69349003	G	A
PD18003	6	69349199	C	A
PD18003	6	69640515	G	T
PD18003	6	69646508	C	A
PD18003	6	69646515	C	A
PD18003	6	69646518	T	C
PD18003	6	69653794	G	A
PD18003	6	69653824	G	A
PD18003	6	69666060	G	C
PD18003	6	69666572	G	A
PD18003	6	69666595	C	T
PD18003	6	69666606	G	T
PD18003	6	69666661	G	T
PD18003	6	69666685	T	A
PD18003	6	69685224	C	A
PD18003	6	69703688	G	T
PD18003	6	69703764	A	C
PD18003	6	69728373	T	C
PD18003	6	69758207	C	T
PD18003	6	69785887	G	T
PD18003	6	69785924	C	A
PD18003	6	69944987	G	C
PD18003	6	69945031	A	C
PD18003	6	69949024	G	A
PD18003	6	70034880	G	A
PD18003	6	70049228	G	A
PD18003	6	70049246	T	G
PD18003	6	70064193	G	A
PD18003	6	70070991	G	T
PD18003	6	70071111	G	C
PD18003	6	70071248	G	A
PD18003	6	70098621	A	T
PD18003	6	70098724	G	C
PD18003	6	70098757	G	A
PD18003	7	55224276	G	C
PD18003	7	55225400	C	T
PD18003	7	55227836	C	T
PD18003	7	55228022	A	T
PD18003	7	55240706	G	A
PD18003	7	55241744	C	T
PD18003	7	55242415	G	A
PD18003	7	55270343	C	T
PD18003	7	86394542	C	A
PD18003	7	86394597	C	T
PD18003	7	86415633	C	T
PD18003	7	86415762	C	G
PD18003	7	86415775	G	A
PD18003	7	86415841	G	A
PD18003	7	86415860	A	G
PD18003	7	86416047	C	G
PD18003	7	86416144	C	A
PD18003	7	86416228	G	C
PD18003	7	86416272	C	T
PD18003	7	86416341	C	T
PD18003	7	86416410	C	T
PD18003	7	86416416	G	A
PD18003	7	86468215	G	A
PD18003	7	86468302	C	T
PD18003	7	86468330	C	T
PD18003	7	86468351	C	T
PD18003	7	86468379	G	A
PD18003	7	86468397	C	A
PD18003	7	86468402	G	A
PD18003	7	86468472	G	A
PD18003	7	86468491	G	C
PD18003	7	86468782	C	T
PD18003	7	86468811	A	C
PD18003	7	86468845	G	A
PD18003	7	86468960	G	A
PD18003	7	86469012	C	T
PD18003	7	86469182	C	A
PD18003	7	86479831	T	C
PD18003	7	86493623	GG	AA
PD18003	7	86493692	C	T
PD18003	7	100663473	G	T
PD18003	7	100675376	A	C
PD18003	7	100675549	G	A
PD18003	7	100675659	G	A
PD18003	7	100675740	C	T
PD18003	7	100675897	C	T
PD18003	7	100675948	T	C
PD18003	7	100676438	C	G
PD18003	7	100676442	T	A
PD18003	7	100676597	A	G
PD18003	7	100676654	C	T
PD18003	7	100676666	A	T
PD18003	7	100676986	GG	AA
PD18003	7	100677002	A	G
PD18003	7	100677220	T	A
PD18003	7	100677518	G	A
PD18003	7	100677874	G	T
PD18003	7	100678136	G	A
PD18003	7	100678202	A	C
PD18003	7	100678421	T	A
PD18003	7	100678425	C	G
PD18003	7	100678527	G	T
PD18003	7	100678605	T	C
PD18003	7	100678947	C	A
PD18003	7	100679080	T	G
PD18003	7	100679136	T	C
PD18003	7	100679809	C	T
PD18003	7	100679839	C	T
PD18003	7	100680329	A	G
PD18003	7	100680545	C	A
PD18003	7	100680596	C	G
PD18003	7	100680698	G	A
PD18003	7	100680815	A	T
PD18003	7	100681083	C	T
PD18003	7	100681342	T	C
PD18003	7	100681795	C	T
PD18003	7	100681847	G	T
PD18003	7	100682066	C	T
PD18003	7	100682285	C	G
PD18003	7	100682321	T	G
PD18003	7	100682620	C	A
PD18003	7	100682653	C	T
PD18003	7	100683040	T	A
PD18003	7	100683145	T	G
PD18003	7	100683325	C	T
PD18003	7	100683443	A	C
PD18003	7	100683507	C	T
PD18003	7	100683872	G	A
PD18003	7	100683982	G	A
PD18003	7	100684158	T	A
PD18003	7	100684439	G	A
PD18003	7	100684448	A	C
PD18003	7	100685051	A	T
PD18003	7	100685187	C	A
PD18003	7	100686243	C	T
PD18003	7	100686836	C	A
PD18003	7	100686939	C	A
PD18003	7	100693902	A	C
PD18003	7	100695092	C	T
PD18003	7	100696669	G	T
PD18003	7	113517794	G	A
PD18003	7	113517838	C	A
PD18003	7	113517876	G	A
PD18003	7	113517909	G	A
PD18003	7	113518028	G	T
PD18003	7	113518397	G	A
PD18003	7	113518586	T	C
PD18003	7	113518924	T	C
PD18003	7	113518937	G	T
PD18003	7	113518982	G	T
PD18003	7	113519000	A	G
PD18003	7	113519159	C	T
PD18003	7	113519160	C	T
PD18003	7	113519198	G	A
PD18003	7	113519311	C	T
PD18003	7	113519512	C	G
PD18003	7	113519535	A	T
PD18003	7	113519899	C	A
PD18003	7	113519928	C	T
PD18003	7	113519987	TCTCC	ACTTT
PD18003	7	113520022	A	G
PD18003	7	113522137	T	C
PD18003	7	113522312	A	T
PD18003	7	113558334	G	T
PD18003	7	113558424	G	A
PD18003	7	113558795	G	-
PD18003	7	113558846	G	A
PD18003	7	116340162	C	T
PD18003	7	116395515	T	C
PD18003	7	116398562	A	G
PD18003	7	116399488	G	T
PD18003	7	116403153	C	T
PD18003	7	116414994	G	A
PD18003	7	116423454	A	T
PD18003	7	116436105	C	A
PD18003	7	128829141	GG	AA
PD18003	7	128845993	C	T
PD18003	7	128850341	G	T
PD18003	7	140434521	C	A
PD18003	7	140449156	T	C
PD18003	7	140453143	C	T
PD18003	7	140500191	GG	AA
PD18003	7	148506209	C	G
PD18003	7	148523674	C	T
PD18003	7	148529761	T	A
PD18003	7	148533920	C	A
PD18003	7	148534067	C	G
PD18003	7	151836276	G	A
PD18003	7	151845597	C	T
PD18003	7	151848063	C	T
PD18003	7	151851148	G	A
PD18003	7	151851525	T	C
PD18003	7	151854950	G	A
PD18003	7	151859875	A	T
PD18003	7	151860526	G	T
PD18003	7	151874122	G	A
PD18003	7	151875060	G	A
PD18003	7	151878223	G	A
PD18003	7	151879139	GG	AA
PD18003	7	151879547	C	T
PD18003	7	151880109	G	A
PD18003	7	151896513	G	T
PD18003	7	151946983	G	A
PD18003	7	151949030	T	A
PD18003	7	152008888	G	A
PD18003	7	152008893	A	-
PD18003	7	152027694	G	A
PD18003	8	38280602	T	A
PD18003	8	38285908	G	A
PD18003	8	38286852	G	A
PD18003	8	38297867	G	A
PD18003	8	68864646	G	-
PD18003	8	68864652	A	G
PD18003	8	68864694	G	T
PD18003	8	68864770	GG	AA
PD18003	8	68931797	A	T
PD18003	8	68931885	G	T
PD18003	8	68939467	T	G
PD18003	8	68939478	C	T
PD18003	8	68942825	G	A
PD18003	8	68950388	A	T
PD18003	8	68950436	G	A
PD18003	8	68968149	G	A
PD18003	8	68981315	C	T
PD18003	8	68984775	C	T
PD18003	8	68989655	G	A
PD18003	8	68992730	G	T
PD18003	8	68992742	G	T
PD18003	8	68992819	T	C
PD18003	8	68992830	T	C
PD18003	8	68993063	C	T
PD18003	8	68995487	G	A
PD18003	8	68995489	A	T
PD18003	8	68995518	G	T
PD18003	8	68995561	C	T
PD18003	8	69005830	T	C
PD18003	8	69005848	C	T
PD18003	8	69005854	A	T
PD18003	8	69009347	G	A
PD18003	8	69021674	A	T
PD18003	8	69021709	A	T
PD18003	8	69021782	G	A
PD18003	8	69021791	C	T
PD18003	8	69021808	A	T
PD18003	8	69027999	C	T
PD18003	8	69028124	G	C
PD18003	8	69030850	C	A
PD18003	8	69030884	G	T
PD18003	8	69032457	A	T
PD18003	8	69032488	A	G
PD18003	8	69033153	T	A
PD18003	8	69033231	A	G
PD18003	8	69046390	A	T
PD18003	8	69046442	G	A
PD18003	8	69046517	G	A
PD18003	8	69050726	C	T
PD18003	8	69069575	G	A
PD18003	8	69104001	C	A
PD18003	8	69104664	G	T
PD18003	8	69129903	G	A
PD18003	8	69143600	C	T
PD18003	9	21970908	A	T
PD18003	9	21971031	GG	AA
PD18003	9	21971126	G	A
PD18003	9	21994290	G	A
PD18003	9	21994348	G	A
PD18003	9	98209215	G	A
PD18003	9	98209553	C	T
PD18003	9	98209615	C	T
PD18003	9	98218630	G	A
PD18003	9	98231090	T	A
PD18003	9	98232094	C	T
PD18003	9	98238339	C	A
PD18003	9	98239115	C	G
PD18003	9	98239859	G	T
PD18003	9	98239928	G	C
PD18003	9	98239956	C	G
PD18003	9	98241428	C	T
PD18003	9	98242836	G	A
PD18003	9	98242840	G	A
PD18003	9	98248088	G	A
PD18003	9	98278951	C	T
PD18003	9	139390753	G	A
PD18003	9	139391082	C	T
PD18003	9	139391145	G	A
PD18003	9	139391157	CC	TT
PD18003	9	139391380	G	C
PD18003	9	139392011	C	T
PD18003	9	139392013	G	C
PD18003	9	139393342	C	A
PD18003	9	139393386	T	A
PD18003	9	139393431	AGT	-
PD18003	9	139393442	G	A
PD18003	9	139393612	C	A
PD18003	9	139393656	G	A
PD18003	9	139393662	C	A
PD18003	9	139393712	C	T
PD18003	9	139395041	T	G
PD18003	9	139395116	G	A
PD18003	9	139395141	G	A
PD18003	9	139395149	G	A
PD18003	9	139395155	C	-
PD18003	9	139395219	GC	-
PD18003	9	139395228	C	A
PD18003	9	139395269	C	T
PD18003	9	139396305	G	A
PD18003	9	139396464	T	A
PD18003	9	139396757	C	A
PD18003	9	139396773	T	A
PD18003	9	139396796	T	A
PD18003	9	139396800	GG	AA
PD18003	9	139396801	G	A
PD18003	9	139396804	C	T
PD18003	9	139396851	C	T
PD18003	9	139396856	C	T
PD18003	9	139396884	C	A
PD18003	9	139397630	T	C
PD18003	9	139397692	CA	GG
PD18003	9	139397783	C	T
PD18003	9	139399377	G	A
PD18003	9	139399435	C	-
PD18003	9	139399456	C	A
PD18003	9	139399459	CA	-
PD18003	9	139399475	C	T
PD18003	9	139399509	C	A
PD18003	9	139399557	C	G
PD18003	9	139399785	G	C
PD18003	9	139399857	C	T
PD18003	9	139399918	CC	TT
PD18003	9	139399926	C	T
PD18003	9	139399985	G	A
PD18003	9	139399985	GG	AA
PD18003	9	139399991	C	A
PD18003	9	139400028	G	A
PD18003	9	139400075	A	T
PD18003	9	139400126	CGG	AGA
PD18003	9	139400327	C	A
PD18003	9	139400333	CC	TT
PD18003	9	139400340	G	T
PD18003	9	139400978	C	T
PD18003	9	139401026	C	A
PD18003	9	139401066	A	G
PD18003	9	139401240	C	-
PD18003	9	139401299	G	A
PD18003	9	139401305	C	A
PD18003	9	139401305	C	G
PD18003	9	139401309	T	A
PD18003	9	139401310	GC	T
PD18003	9	139401329	T	A
PD18003	9	139401330	G	A
PD18003	9	139401331	G	A
PD18003	9	139401356	C	T
PD18003	9	139401756	CC	TT
PD18003	9	139401833	GG	AA
PD18003	9	139401844	C	A
PD18003	9	139401884	CACG	-
PD18003	9	139402473	C	T
PD18003	9	139402492	C	A
PD18003	9	139402578	G	A
PD18003	9	139402743	C	T
PD18003	9	139403418	GCAC	CAA
PD18003	9	139403423	C	A
PD18003	9	139403499	G	T
PD18003	9	139403524	C	A
PD18003	9	139404184	C	G
PD18003	9	139404327	C	A
PD18003	9	139404328	A	T
PD18003	9	139404345	AG	TA
PD18003	9	139405258	C	T
PD18003	9	139405620	G	C
PD18003	9	139405713	A	T
PD18003	9	139405714	C	T
PD18003	9	139405725	T	A
PD18003	9	139405725	T	G
PD18003	9	139407472	CC	TT
PD18003	9	139407473	C	T
PD18003	9	139407856	C	A
PD18003	9	139407963	C	T
PD18003	9	139409934	C	T
PD18003	9	139409942	CC	-
PD18003	9	139410006	GG	AA
PD18003	9	139410077	G	-
PD18003	9	139410108	T	C
PD18003	9	139410175	C	A
PD18003	9	139410490	T	A
PD18003	9	139410551	G	A
PD18003	9	139411769	GG	AT
PD18003	9	139412203	CC	TT
PD18003	9	139412204	C	A
PD18003	9	139412212	C	T
PD18003	9	139412225	A	C
PD18003	9	139412230	C	A
PD18003	9	139412231	C	T
PD18003	9	139412240	C	A
PD18003	9	139412245	C	A
PD18003	9	139412250	GG	AA
PD18003	9	139412251	G	A
PD18003	9	139412266	G	A
PD18003	9	139412267	G	A
PD18003	9	139412279	A	G
PD18003	9	139412279	A	T
PD18003	9	139412282	C	T
PD18003	9	139412297	C	T
PD18003	9	139412303	GG	AA
PD18003	9	139412308	C	-
PD18003	9	139412317	C	T
PD18003	9	139412327	A	G
PD18003	9	139412331	G	C
PD18003	9	139412332	C	A
PD18003	9	139412332	C	T
PD18003	9	139412345	C	A
PD18003	9	139412351	T	G
PD18003	9	139412364	GC	AA
PD18003	9	139412365	C	A
PD18003	9	139412375	C	A
PD18003	9	139412375	C	T
PD18003	9	139412380	GG	AA
PD18003	9	139412380	G	T
PD18003	9	139412381	G	A
PD18003	9	139412389	C	A
PD18003	9	139412587	A	G
PD18003	9	139412597	C	T
PD18003	9	139412598	A	C
PD18003	9	139412598	A	T
PD18003	9	139412601	C	A
PD18003	9	139412601	C	T
PD18003	9	139412613	GG	AA
PD18003	9	139412628	C	T
PD18003	9	139412645	C	A
PD18003	9	139412651	C	A
PD18003	9	139412662	G	C
PD18003	9	139412664	C	T
PD18003	9	139412669	A	T
PD18003	9	139412672	G	A
PD18003	9	139412689	GG	AA
PD18003	9	139412690	G	A
PD18003	9	139412730	G	A
PD18003	9	139413046	T	A
PD18003	9	139413049	G	A
PD18003	9	139413049	GG	AA
PD18003	9	139413064	C	A
PD18003	9	139413067	A	G
PD18003	9	139413070	AGA	-
PD18003	9	139413072	A	G
PD18003	9	139413079	CCAC	A
PD18003	9	139413084	C	T
PD18003	9	139413085	G	A
PD18003	9	139413099	G	A
PD18003	9	139413100	C	G
PD18003	9	139413102	C	A
PD18003	9	139413103	C	A
PD18003	9	139413103	C	T
PD18003	9	139413107	G	T
PD18003	9	139413126	C	G
PD18003	9	139413130	C	T
PD18003	9	139413161	CC	AT
PD18003	9	139413181	A	G
PD18003	9	139413204	T	A
PD18003	9	139413225	C	A
PD18003	9	139413277	C	A
PD18003	9	139413277	C	T
PD18003	9	139413894	C	A
PD18003	9	139413900	C	T
PD18003	9	139414009	C	A
PD18003	9	139417302	C	A
PD18003	9	139417336	C	A
PD18003	9	139417437	GG	AT
PD18003	9	139417486	GGG	GA
PD18003	9	139417514	T	G
PD18003	9	139417570	GAAG	AAA
PD18003	9	139417586	C	A
PD18003	9	139417601	G	A
PD18003	9	139417612	G	T
PD18003	9	139417634	G	A
PD18003	9	139417641	C	T
PD18003	9	139418164	C	T
PD18003	9	139418228	C	A
PD18003	9	139418231	C	T
PD18003	9	139418239	G	T
PD18003	9	139418298	C	T
PD18003	9	139418321	T	A
PD18003	9	139418357	C	T
PD18003	9	139418370	A	C
PD18003	9	139418370	A	T
PD18003	9	139438475	C	A
PD18003	9	139438540	G	A
PD18003	X	47028792	A	G
PD18003	X	47030502	C	T
PD18003	X	47038756	C	T
PD18003	X	47038783	G	T
PD18003	X	47039300	A	G
PD18003	X	47039644	C	G
PD18003	X	47040782	G	A
PD18003	X	47040939	C	T
PD18003	X	47044477	G	T
PD18003	X	47044549	C	T
PD18003	X	47044569	C	T
PD18003	X	47044740	CC	TT
PD18003	X	47044901	G	T
PD18003	X	47045030	G	A
PD18003	X	47045135	G	C
PD18003	X	47045667	C	T
PD18003	X	47045671	C	T
PD18003	X	47045741	C	A
PD20399	1	16456914	CC	TT
PD20399	1	16458662	G	A
PD20399	1	16464850	G	A
PD20399	1	27088678	A	T
PD20399	1	27092764	C	T
PD20399	1	27097675	T	C
PD20399	1	27097740	G	T
PD20399	1	27105541	G	A
PD20399	1	27105726	GG	AA
PD20399	1	27107064	A	T
PD20399	1	115251267	T	A
PD20399	1	115256529	T	C
PD20399	1	115258773	C	G
PD20399	1	120457977	CC	TT
PD20399	1	120458356	GG	AA
PD20399	1	120458629	C	T
PD20399	1	120458870	T	A
PD20399	1	120459208	G	A
PD20399	1	120459208	GG	AA
PD20399	1	120459239	G	A
PD20399	1	120459276	A	C
PD20399	1	120460366	C	T
PD20399	1	120461066	G	-
PD20399	1	120461978	G	A
PD20399	1	120462036	T	A
PD20399	1	120462227	G	A
PD20399	1	120462965	C	T
PD20399	1	120462975	G	A
PD20399	1	120462992	T	A
PD20399	1	120464353	G	A
PD20399	1	120464433	C	T
PD20399	1	120464957	C	-
PD20399	1	120466363	C	A
PD20399	1	120466441	G	A
PD20399	1	120466593	C	A
PD20399	1	120468079	C	T
PD20399	1	120468174	G	-
PD20399	1	120468252	G	A
PD20399	1	120480070	C	A
PD20399	1	120480523	A	C
PD20399	1	120491703	A	T
PD20399	1	120497680	A	T
PD20399	1	120506293	GG	AA
PD20399	1	120506385	G	A
PD20399	1	120506411	A	T
PD20399	1	120508075	C	T
PD20399	1	120508106	G	A
PD20399	1	120508111	T	C
PD20399	1	120508135	C	T
PD20399	1	120508139	G	A
PD20399	1	120509017	G	A
PD20399	1	120510067	A	T
PD20399	1	120510070	C	T
PD20399	1	120510155	G	A
PD20399	1	120510179	A	T
PD20399	1	120510184	C	A
PD20399	1	120510233	G	A
PD20399	1	120510700	CC	TA
PD20399	1	120510744	T	C
PD20399	1	120510757	A	T
PD20399	1	120510775	C	T
PD20399	1	120510791	G	C
PD20399	1	120510794	A	C
PD20399	1	120510829	A	C
PD20399	1	120512161	AGA	-
PD20399	1	120512179	C	A
PD20399	1	120512190	G	A
PD20399	1	120512191	A	C
PD20399	1	120512219	A	C
PD20399	1	120512221	C	A
PD20399	1	120512257	C	T
PD20399	1	120512266	A	G
PD20399	1	120512284	C	A
PD20399	1	120529601	A	C
PD20399	1	120529643	C	A
PD20399	1	152323776	A	T
PD20399	1	152323958	C	T
PD20399	1	152325849	C	T
PD20399	1	152326351	C	T
PD20399	1	152326480	C	G
PD20399	1	152327310	G	A
PD20399	1	152327950	C	A
PD20399	1	152328228	G	A
PD20399	1	152329083	A	G
PD20399	1	152329509	T	C
PD20399	1	207641876	C	T
PD20399	1	207642034	G	A
PD20399	1	207642065	C	T
PD20399	1	207643052	C	T
PD20399	1	207643268	T	C
PD20399	1	207646496	G	A
PD20399	1	207647602	C	T
PD20399	1	207652594	A	G
PD20399	1	207653392	G	A
PD20399	1	209961912	G	A
PD20399	1	209961959	C	T
PD20399	1	209964069	T	A
PD20399	1	209964198	C	T
PD20399	1	209969894	A	G
PD20399	1	209974664	T	G
PD20399	10	89692792	CC	TT
PD20399	10	89711994	A	T
PD20399	10	104356890	C	T
PD20399	10	123243223	T	A
PD20399	10	123278192	T	C
PD20399	10	123353283	T	C
PD20399	11	534288	C	T
PD20399	11	69458653	C	T
PD20399	11	69466047	C	T
PD20399	11	118307416	G	C
PD20399	11	118343153	C	T
PD20399	11	118343645	C	T
PD20399	11	118343972	C	T
PD20399	11	118344133	C	T
PD20399	11	118344387	G	A
PD20399	11	118344819	C	T
PD20399	11	118376324	C	T
PD20399	11	118379883	CC	TT
PD20399	12	25398284	C	T
PD20399	12	46125071	C	T
PD20399	12	46230368	A	G
PD20399	12	46244422	G	T
PD20399	12	46245000	C	T
PD20399	12	46245985	G	A
PD20399	12	46246416	C	T
PD20399	12	46298769	G	A
PD20399	12	47628912	GG	AA
PD20399	12	47629891	C	T
PD20399	12	49416080	C	T
PD20399	12	49418694	T	C
PD20399	12	49420214	G	A
PD20399	12	49420237	C	T
PD20399	12	49420670	G	A
PD20399	12	49421663	A	T
PD20399	12	49423028	C	T
PD20399	12	49424390	A	G
PD20399	12	49425632	G	A
PD20399	12	49426247	G	A
PD20399	12	49426469	G	A
PD20399	12	49426472	G	A
PD20399	12	49427204	C	A
PD20399	12	49427237	C	A
PD20399	12	49427388	G	A
PD20399	12	49433819	T	C
PD20399	12	49433837	C	A
PD20399	12	49435476	C	T
PD20399	12	49437416	A	G
PD20399	12	49440483	G	A
PD20399	12	49444159	T	C
PD20399	12	49444382	G	A
PD20399	12	49444579	A	G
PD20399	12	49444730	G	-
PD20399	12	49444879	G	A
PD20399	12	56492312	G	T
PD20399	12	56495603	C	A
PD20399	12	56495769	A	T
PD20399	13	48881441	C	T
PD20399	14	63175034	C	T
PD20399	14	63316432	T	C
PD20399	14	63316546	C	T
PD20399	14	95560290	G	A
PD20399	14	95562615	A	C
PD20399	14	95569876	G	A
PD20399	14	95569971	T	A
PD20399	14	95596528	A	G
PD20399	14	105243019	G	A
PD20399	16	3779205	G	A
PD20399	16	3779211	G	-
PD20399	16	3779283	GG	AA
PD20399	16	3779650	G	A
PD20399	16	3781378	C	T
PD20399	16	3781867	G	A
PD20399	16	3786139	A	C
PD20399	16	3786142	T	A
PD20399	16	3789627	C	T
PD20399	16	3789692	G	A
PD20399	16	3789714	G	T
PD20399	16	9857082	G	A
PD20399	16	9857572	G	A
PD20399	16	9857706	G	A
PD20399	16	9857858	G	A
PD20399	16	9858007	G	A
PD20399	16	9858168	T	C
PD20399	16	9858736	C	T
PD20399	16	9862728	A	G
PD20399	16	9862950	G	A
PD20399	16	9892165	G	A
PD20399	16	9984930	G	A
PD20399	16	10031860	G	A
PD20399	16	10273853	A	G
PD20399	16	10273908	A	C
PD20399	16	51171227	G	C
PD20399	16	51171332	C	T
PD20399	16	51171454	C	T
PD20399	16	51172954	A	G
PD20399	16	51173149	C	T
PD20399	16	51173698	G	A
PD20399	16	51173837	G	A
PD20399	16	51173893	C	T
PD20399	16	51173898	C	T
PD20399	16	51174296	C	T
PD20399	16	51174442	G	A
PD20399	16	51174452	GG	AA
PD20399	16	51174597	A	C
PD20399	16	51174632	C	T
PD20399	16	51175306	C	T
PD20399	16	51175797	G	T
PD20399	16	51175886	C	T
PD20399	16	68842437	T	A
PD20399	16	68845664	A	T
PD20399	16	68853266	G	A
PD20399	16	77317936	A	C
PD20399	16	77323169	T	C
PD20399	16	77323291	C	T
PD20399	16	77325247	C	T
PD20399	16	77325327	T	G
PD20399	16	77327097	G	A
PD20399	16	77331221	C	A
PD20399	16	77353745	C	T
PD20399	16	77387690	G	A
PD20399	16	77397785	G	T
PD20399	16	77398123	C	T
PD20399	16	77401601	C	T
PD20399	16	77401612	T	G
PD20399	16	77468311	G	A
PD20399	17	7556418	A	G
PD20399	17	7557614	G	A
PD20399	17	7558284	C	A
PD20399	17	7558719	G	A
PD20399	17	7558827	C	T
PD20399	17	7558957	G	A
PD20399	17	7559317	G	C
PD20399	17	7559940	T	A
PD20399	17	7564357	T	C
PD20399	17	7569392	T	G
PD20399	17	7571873	C	T
PD20399	17	7573582	T	C
PD20399	17	7573652	G	A
PD20399	17	7576602	A	G
PD20399	17	7577532	G	A
PD20399	17	7578263	G	A
PD20399	17	7578387	G	A
PD20399	17	7579592	T	G
PD20399	17	7579717	G	A
PD20399	17	7581234	T	A
PD20399	17	7589412	C	T
PD20399	17	7589584	G	A
PD20399	17	29483049	G	A
PD20399	17	29509656	C	T
PD20399	17	29528504	G	A
PD20399	17	29554292	A	T
PD20399	17	29557296	G	A
PD20399	17	29559809	C	G
PD20399	17	29562719	T	C
PD20399	17	29585494	G	A
PD20399	17	29657384	G	A
PD20399	17	29657503	A	C
PD20399	18	48581297	T	G
PD20399	19	15271591	G	C
PD20399	19	15271658	G	T
PD20399	19	15271750	GG	AA
PD20399	19	15272319	C	-
PD20399	19	15272508	G	A
PD20399	19	15281278	GG	AA
PD20399	19	15281488	C	T
PD20399	19	15284971	GT	AA
PD20399	19	15285042	G	C
PD20399	19	15285182	T	C
PD20399	19	15289759	G	A
PD20399	19	15289857	G	A
PD20399	19	15290250	G	T
PD20399	19	15292579	CC	TT
PD20399	19	15292590	C	T
PD20399	19	15296491	C	T
PD20399	19	15302906	G	A
PD20399	19	40741374	A	C
PD20399	19	40742229	C	G
PD20399	19	40747978	T	C
PD20399	19	40762962	C	A
PD20399	2	21224947	C	T
PD20399	2	21225528	C	T
PD20399	2	21227281	A	G
PD20399	2	21229973	A	T
PD20399	2	21230365	G	A
PD20399	2	21230552	C	G
PD20399	2	21230594	G	A
PD20399	2	21231284	A	G
PD20399	2	21231345	A	G
PD20399	2	21231511	A	C
PD20399	2	21231518	A	G
PD20399	2	21232013	C	T
PD20399	2	21232383	C	T
PD20399	2	21233223	G	C
PD20399	2	21233471	A	G
PD20399	2	21233672	G	A
PD20399	2	21233893	G	A
PD20399	2	21233928	G	A
PD20399	2	21234237	C	T
PD20399	2	21234286	G	A
PD20399	2	21234637	C	T
PD20399	2	21234764	T	C
PD20399	2	21235078	G	A
PD20399	2	21235184	T	C
PD20399	2	21235293	C	T
PD20399	2	21235361	G	A
PD20399	2	21236168	C	T
PD20399	2	21236178	T	G
PD20399	2	21236327	G	A
PD20399	2	21251200	C	T
PD20399	2	21251278	C	T
PD20399	2	21252631	C	T
PD20399	2	21252859	GG	AA
PD20399	2	21255274	T	G
PD20399	2	21256285	A	T
PD20399	2	21260035	C	T
PD20399	2	21260977	C	T
PD20399	2	21265255	C	T
PD20399	2	166850785	G	A
PD20399	2	166859271	A	T
PD20399	2	166866240	C	T
PD20399	2	166866245	C	T
PD20399	2	166870272	G	A
PD20399	2	166896095	C	T
PD20399	2	166898891	G	A
PD20399	2	166900370	G	A
PD20399	2	166900427	C	G
PD20399	2	166900523	T	A
PD20399	2	166901645	C	T
PD20399	2	166903274	C	T
PD20399	2	166904264	C	T
PD20399	2	166904265	C	T
PD20399	2	166908371	C	T
PD20399	2	166908372	C	T
PD20399	2	166908378	T	C
PD20399	2	166911189	C	T
PD20399	2	166911220	CC	TT
PD20399	2	166915177	C	T
PD20399	2	166930021	G	A
PD20399	2	178095620	C	A
PD20399	2	178095660	G	T
PD20399	2	178097227	G	A
PD20399	2	212248462	T	C
PD20399	2	212248758	G	C
PD20399	2	212248765	C	T
PD20399	2	212426743	G	A
PD20399	2	212484009	AAAA	AAT
PD20399	2	212488718	G	A
PD20399	2	212495185	A	T
PD20399	2	212495213	C	T
PD20399	2	212495285	G	A
PD20399	2	212522546	C	T
PD20399	2	212530073	G	A
PD20399	2	212566818	C	T
PD20399	2	212566899	G	A
PD20399	2	212566900	GG	AA
PD20399	2	212578321	C	T
PD20399	2	212615376	G	A
PD20399	2	212652804	G	A
PD20399	2	212812241	T	G
PD20399	2	225362477	A	T
PD20399	2	225368366	T	A
PD20399	2	225400346	C	A
PD20399	2	225449690	CC	TT
PD20399	2	228846547	C	T
PD20399	2	228881261	C	T
PD20399	2	228881595	C	A
PD20399	2	228881731	G	A
PD20399	2	228882419	C	T
PD20399	2	228882546	G	A
PD20399	2	228882641	G	A
PD20399	2	228883070	A	C
PD20399	2	228883499	C	A
PD20399	2	228883584	G	A
PD20399	2	228883718	CC	TT
PD20399	2	228883760	C	T
PD20399	2	228883781	C	T
PD20399	2	228883984	G	A
PD20399	2	228884166	G	A
PD20399	2	228884174	C	G
PD20399	2	228884462	C	T
PD20399	2	228886427	C	T
PD20399	2	228886547	C	T
PD20399	2	228886611	G	A
PD20399	2	228886639	C	T
PD20399	2	228886652	G	A
PD20399	2	228890161	G	T
PD20399	2	228892229	CC	TT
PD20399	20	8352092	C	T
PD20399	20	8628584	C	T
PD20399	20	8639337	G	T
PD20399	20	8665593	G	A
PD20399	20	8698413	C	T
PD20399	20	8709728	C	T
PD20399	20	8717833	C	T
PD20399	20	8717839	G	A
PD20399	20	8755266	A	C
PD20399	20	8755372	C	A
PD20399	20	8782759	C	T
PD20399	20	8862337	C	T
PD20399	20	8862338	G	A
PD20399	20	8862441	CC	AT
PD20399	20	8862441	C	T
PD20399	20	40709551	C	A
PD20399	20	40713347	C	T
PD20399	20	40730786	T	C
PD20399	20	40743829	A	G
PD20399	20	40790142	C	T
PD20399	20	40979350	C	T
PD20399	20	41306553	C	T
PD20399	20	41419917	A	C
PD20399	20	41419943	C	A
PD20399	20	41420093	C	T
PD20399	20	54956560	A	G
PD20399	20	54959381	C	T
PD20399	22	38109408	C	T
PD20399	22	38119344	C	T
PD20399	22	38121281	G	A
PD20399	22	38121333	C	T
PD20399	22	38122121	C	T
PD20399	22	38122236	C	T
PD20399	22	38122339	G	A
PD20399	22	38130567	G	A
PD20399	22	38130709	C	T
PD20399	22	38130779	G	A
PD20399	22	38130863	G	A
PD20399	22	38146728	C	T
PD20399	22	38153918	A	T
PD20399	22	38153923	C	T
PD20399	22	38154084	A	T
PD20399	22	38168670	A	T
PD20399	3	38888206	C	T
PD20399	3	38888248	C	A
PD20399	3	38889130	G	A
PD20399	3	38892075	G	A
PD20399	3	38913146	A	T
PD20399	3	38926821	C	T
PD20399	3	38936099	C	T
PD20399	3	38938429	G	A
PD20399	3	38938683	T	C
PD20399	3	38945513	T	C
PD20399	3	38946804	G	A
PD20399	3	38949488	C	T
PD20399	3	38949573	G	A
PD20399	3	38950591	A	T
PD20399	3	38988301	G	A
PD20399	3	38991770	C	T
PD20399	3	47059129	T	C
PD20399	3	47061328	GG	AA
PD20399	3	47098367	G	A
PD20399	3	47103707	G	A
PD20399	3	47162530	T	A
PD20399	3	47162682	G	A
PD20399	3	47163026	C	T
PD20399	3	47163561	G	A
PD20399	3	47164277	G	A
PD20399	3	47164756	T	C
PD20399	3	47165353	G	T
PD20399	3	178916675	T	A
PD20399	3	178916903	C	T
PD20399	3	178936980	A	G
PD20399	3	178952146	G	C
PD20399	3	181430472	T	A
PD20399	3	189586508	A	T
PD20399	4	1801141	G	T
PD20399	4	1803564	C	T
PD20399	4	1803568	C	G
PD20399	4	1804705	A	T
PD20399	4	1806089	G	T
PD20399	4	1806099	A	G
PD20399	4	1807889	A	G
PD20399	4	1808300	G	T
PD20399	4	1808870	G	T
PD20399	4	1808988	G	T
PD20399	4	126237672	G	A
PD20399	4	126239068	A	G
PD20399	4	126239160	G	A
PD20399	4	126239238	G	A
PD20399	4	126239985	G	T
PD20399	4	126241124	C	T
PD20399	4	126241511	C	T
PD20399	4	126241953	A	T
PD20399	4	126242134	A	G
PD20399	4	126242379	G	A
PD20399	4	126242399	G	A
PD20399	4	126315115	G	A
PD20399	4	126329600	T	C
PD20399	4	126329679	G	A
PD20399	4	126336683	G	C
PD20399	4	126336815	G	A
PD20399	4	126370478	T	G
PD20399	4	126370866	C	G
PD20399	4	126371415	G	A
PD20399	4	126371531	G	A
PD20399	4	126371563	G	A
PD20399	4	126372634	C	T
PD20399	4	126373057	CC	TT
PD20399	4	126373317	C	T
PD20399	4	126398514	T	C
PD20399	4	126402734	G	T
PD20399	4	126408680	C	T
PD20399	4	126408731	C	T
PD20399	4	126411534	G	T
PD20399	4	126411609	G	A
PD20399	4	126411626	G	A
PD20399	4	126411663	C	T
PD20399	4	126412202	T	A
PD20399	4	126412305	G	A
PD20399	4	126412897	G	A
PD20399	4	153244282	A	C
PD20399	4	153245514	A	C
PD20399	4	153251902	T	C
PD20399	4	153332853	G	A
PD20399	4	175896999	G	A
PD20399	4	175897036	T	C
PD20399	4	175897071	T	C
PD20399	4	175897184	G	A
PD20399	4	175897481	T	C
PD20399	4	175897554	G	A
PD20399	4	175898760	A	C
PD20399	4	187510088	A	G
PD20399	4	187510226	G	T
PD20399	4	187517847	C	-
PD20399	4	187524061	G	T
PD20399	4	187524353	C	T
PD20399	4	187524362	C	T
PD20399	4	187524695	T	C
PD20399	4	187525534	CACC	-
PD20399	4	187525541	AGTA	-
PD20399	4	187525729	C	T
PD20399	4	187527340	C	T
PD20399	4	187538284	G	A
PD20399	4	187540569	C	A
PD20399	4	187540768	C	T
PD20399	4	187541454	C	A
PD20399	4	187541479	G	C
PD20399	4	187541487	G	A
PD20399	4	187541697	G	A
PD20399	4	187541883	T	A
PD20399	4	187541955	T	C
PD20399	4	187549440	G	A
PD20399	4	187557246	G	A
PD20399	4	187557315	G	A
PD20399	4	187558068	C	A
PD20399	4	187627766	G	A
PD20399	4	187627792	T	C
PD20399	4	187627904	A	T
PD20399	4	187628080	C	T
PD20399	4	187628298	A	G
PD20399	4	187628693	A	G
PD20399	4	187630411	G	A
PD20399	4	187630849	CC	TT
PD20399	5	176562449	C	T
PD20399	5	176637707	G	C
PD20399	5	176721511	C	T
PD20399	6	32164738	C	A
PD20399	6	32166333	C	T
PD20399	6	32169933	CC	TT
PD20399	6	32181516	G	A
PD20399	6	32188406	G	A
PD20399	6	32188891	G	A
PD20399	6	69348591	G	T
PD20399	6	69348651	C	T
PD20399	6	69348827	C	A
PD20399	6	69348848	C	T
PD20399	6	69640468	G	A
PD20399	6	69646420	G	A
PD20399	6	69646445	C	T
PD20399	6	69653796	A	G
PD20399	6	69684711	C	T
PD20399	6	69703769	A	T
PD20399	6	69703822	G	A
PD20399	6	69723974	G	A
PD20399	6	69723975	G	A
PD20399	6	69758113	T	G
PD20399	6	69943201	T	A
PD20399	6	69949116	A	G
PD20399	6	70034864	G	A
PD20399	6	70040452	C	T
PD20399	6	70042859	C	A
PD20399	6	70048837	C	T
PD20399	6	70048871	A	G
PD20399	6	70049270	G	A
PD20399	6	70064168	C	T
PD20399	6	70064197	C	T
PD20399	6	70065728	G	A
PD20399	6	70070804	A	G
PD20399	6	70070865	G	A
PD20399	6	70071078	G	A
PD20399	6	70092836	G	A
PD20399	6	70098712	C	T
PD20399	7	55209978	G	T
PD20399	7	55211113	T	C
PD20399	7	55220290	C	T
PD20399	7	55223519	C	T
PD20399	7	55223639	G	A
PD20399	7	55223639	GG	AA
PD20399	7	55224235	G	A
PD20399	7	55240536	T	A
PD20399	7	55241636	G	T
PD20399	7	55260501	A	C
PD20399	7	55268940	G	T
PD20399	7	55269439	C	T
PD20399	7	86394529	T	C
PD20399	7	86394537	C	T
PD20399	7	86394572	T	G
PD20399	7	86394923	C	T
PD20399	7	86415592	C	T
PD20399	7	86415615	C	T
PD20399	7	86415682	C	T
PD20399	7	86415790	G	A
PD20399	7	86415836	C	T
PD20399	7	86415888	C	T
PD20399	7	86415921	C	T
PD20399	7	86415955	G	A
PD20399	7	86416099	C	T
PD20399	7	86416111	C	T
PD20399	7	86416242	C	T
PD20399	7	86468224	G	A
PD20399	7	86468597	G	A
PD20399	7	86468667	G	A
PD20399	7	86468750	C	T
PD20399	7	86468840	C	T
PD20399	7	86468870	A	G
PD20399	7	86468999	G	A
PD20399	7	86469000	G	A
PD20399	7	86469188	C	A
PD20399	7	100675189	C	G
PD20399	7	100675207	C	T
PD20399	7	100676204	A	G
PD20399	7	100676542	A	G
PD20399	7	100676552	A	T
PD20399	7	100676867	G	A
PD20399	7	100677381	C	T
PD20399	7	100678127	A	T
PD20399	7	100678874	G	A
PD20399	7	100679046	C	T
PD20399	7	100679752	T	A
PD20399	7	100679794	A	C
PD20399	7	100681237	C	T
PD20399	7	100681890	C	T
PD20399	7	100682098	G	C
PD20399	7	100682325	A	G
PD20399	7	100682388	T	G
PD20399	7	100683906	C	T
PD20399	7	100683944	G	A
PD20399	7	100684351	T	A
PD20399	7	100684691	A	G
PD20399	7	100684820	A	G
PD20399	7	100685115	C	T
PD20399	7	100685755	C	T
PD20399	7	100686246	C	T
PD20399	7	100686959	G	A
PD20399	7	100692661	AC	TT
PD20399	7	100696697	T	A
PD20399	7	100699489	C	A
PD20399	7	113518388	T	A
PD20399	7	113518482	A	C
PD20399	7	113518737	C	T
PD20399	7	113518743	C	T
PD20399	7	113518867	T	G
PD20399	7	113518899	C	T
PD20399	7	113518913	G	A
PD20399	7	113519274	C	T
PD20399	7	113519442	G	A
PD20399	7	113519485	C	T
PD20399	7	113519598	C	T
PD20399	7	113519625	C	T
PD20399	7	113519669	G	A
PD20399	7	113519736	C	T
PD20399	7	113519750	A	G
PD20399	7	113519798	G	T
PD20399	7	113522163	G	T
PD20399	7	113522328	G	A
PD20399	7	113558333	G	A
PD20399	7	113558755	G	A
PD20399	7	113558767	C	T
PD20399	7	113558811	C	T
PD20399	7	113558901	C	T
PD20399	7	113558997	G	A
PD20399	7	116339409	G	A
PD20399	7	116339766	CCA	TCG
PD20399	7	116395430	C	T
PD20399	7	116417496	A	T
PD20399	7	116423376	A	C
PD20399	7	116435721	G	A
PD20399	7	128845449	A	T
PD20399	7	128849213	G	T
PD20399	7	128850226	G	C
PD20399	7	128850266	A	C
PD20399	7	140434427	T	G
PD20399	7	140453981	G	A
PD20399	7	140501249	C	T
PD20399	7	148508728	A	T
PD20399	7	148514974	G	A
PD20399	7	148515118	G	A
PD20399	7	148543609	G	A
PD20399	7	151836350	G	A
PD20399	7	151845367	G	A
PD20399	7	151845844	G	-
PD20399	7	151851498	G	A
PD20399	7	151859443	T	C
PD20399	7	151860236	G	A
PD20399	7	151860862	A	T
PD20399	7	151873479	G	A
PD20399	7	151873489	T	C
PD20399	7	151877879	G	A
PD20399	7	151878910	G	A
PD20399	7	151879188	A	G
PD20399	7	151879364	G	A
PD20399	7	151882644	A	T
PD20399	7	151949647	A	C
PD20399	8	38286817	A	T
PD20399	8	38297840	C	T
PD20399	8	38297874	C	T
PD20399	8	68931840	C	T
PD20399	8	68931853	T	C
PD20399	8	68939449	C	T
PD20399	8	68942722	G	T
PD20399	8	68942744	C	T
PD20399	8	68968149	G	A
PD20399	8	68972955	G	A
PD20399	8	68992765	G	T
PD20399	8	68992778	T	C
PD20399	8	68993063	C	T
PD20399	8	69000051	A	C
PD20399	8	69011942	A	G
PD20399	8	69020470	C	T
PD20399	8	69028016	A	C
PD20399	8	69028025	C	T
PD20399	8	69050711	C	T
PD20399	8	69058566	C	T
PD20399	8	69069600	T	C
PD20399	8	69104686	G	T
PD20399	9	21994272	A	T
PD20399	9	98211354	G	A
PD20399	9	98215837	T	A
PD20399	9	98229629	G	T
PD20399	9	98236432	G	A
PD20399	9	98239977	T	A
PD20399	9	98247962	C	T
PD20399	9	139390832	C	A
PD20399	9	139391884	C	A
PD20399	9	139392000	G	A
PD20399	9	139393351	C	G
PD20399	9	139393433	T	G
PD20399	9	139393442	G	A
PD20399	9	139393627	C	T
PD20399	9	139393695	C	T
PD20399	9	139395119	C	A
PD20399	9	139395164	TC	-
PD20399	9	139395186	C	T
PD20399	9	139395271	G	A
PD20399	9	139395300	C	A
PD20399	9	139396758	G	A
PD20399	9	139396800	G	A
PD20399	9	139396887	C	T
PD20399	9	139397647	G	A
PD20399	9	139397787	G	C
PD20399	9	139399312	GTGCG	TCT
PD20399	9	139399444	C	A
PD20399	9	139399475	C	T
PD20399	9	139399536	C	A
PD20399	9	139399799	C	T
PD20399	9	139400079	G	A
PD20399	9	139400112	G	A
PD20399	9	139401225	G	A
PD20399	9	139401245	G	A
PD20399	9	139401299	G	A
PD20399	9	139401755	A	G
PD20399	9	139401768	C	A
PD20399	9	139401777	G	T
PD20399	9	139401823	G	A
PD20399	9	139407472	C	T
PD20399	9	139407472	CC	TT
PD20399	9	139407925	C	A
PD20399	9	139409936	T	A
PD20399	9	139410511	C	-
PD20399	9	139411736	C	A
PD20399	9	139411822	T	G
PD20399	9	139411828	C	A
PD20399	9	139411829	C	T
PD20399	9	139412203	C	A
PD20399	9	139412203	C	T
PD20399	9	139412231	C	A
PD20399	9	139412240	C	T
PD20399	9	139412242	A	G
PD20399	9	139412242	A	T
PD20399	9	139412245	C	T
PD20399	9	139412248	G	A
PD20399	9	139412250	GG	AA
PD20399	9	139412251	G	A
PD20399	9	139412252	C	T
PD20399	9	139412263	C	A
PD20399	9	139412267	G	A
PD20399	9	139412282	C	G
PD20399	9	139412282	C	T
PD20399	9	139412284	T	A
PD20399	9	139412303	G	A
PD20399	9	139412305	G	C
PD20399	9	139412311	G	A
PD20399	9	139412314	T	C
PD20399	9	139412327	A	T
PD20399	9	139412333	A	C
PD20399	9	139412350	G	A
PD20399	9	139412351	T	G
PD20399	9	139412352	GT	AA
PD20399	9	139412375	C	T
PD20399	9	139412617	G	T
PD20399	9	139412646	A	T
PD20399	9	139412672	G	A
PD20399	9	139412673	G	A
PD20399	9	139412674	G	T
PD20399	9	139412685	A	T
PD20399	9	139412690	G	A
PD20399	9	139412690	GAG	AAA
PD20399	9	139412703	A	G
PD20399	9	139413042	C	T
PD20399	9	139413049	G	A
PD20399	9	139413066	C	A
PD20399	9	139413070	AGA	-
PD20399	9	139413079	C	G
PD20399	9	139413085	G	A
PD20399	9	139413100	C	T
PD20399	9	139413103	C	T
PD20399	9	139413125	A	C
PD20399	9	139413126	C	A
PD20399	9	139413132	T	A
PD20399	9	139413148	A	T
PD20399	9	139413167	G	C
PD20399	9	139413225	C	A
PD20399	9	139417386	C	-
PD20399	9	139417629	G	A
PD20399	9	139418192	C	A
PD20399	9	139418224	G	A
PD20399	9	139418231	C	T
PD20399	9	139418240	C	G
PD20399	9	139418243	G	A
PD20399	9	139418244	G	A
PD20399	9	139418321	T	A
PD20399	9	139418387	G	A
PD20399	X	47028800	A	T
PD20399	X	47030535	G	T
PD20399	X	47034475	G	A
PD20399	X	47040608	C	T
PD20399	X	47041244	C	T
PD20399	X	47041251	C	T
PD20399	X	47045475	C	A
PD21910	1	16458740	T	A
PD21910	1	16482371	G	A
PD21910	1	27059270	C	T
PD21910	1	27092946	A	T
PD21910	1	27105670	GG	AA
PD21910	1	27106497	A	G
PD21910	1	120464975	C	T
PD21910	1	120510783	G	A
PD21910	1	120512220	T	A
PD21910	1	120512277	T	C
PD21910	1	152324501	T	A
PD21910	1	207643034	C	T
PD21910	1	207644261	G	A
PD21910	1	207648507	A	T
PD21910	1	207649580	C	A
PD21910	1	209963065	C	T
PD21910	10	123258035	T	G
PD21910	11	118374230	C	T
PD21910	12	25380185	T	A
PD21910	12	46244085	G	A
PD21910	12	49424781	G	A
PD21910	12	49436920	C	T
PD21910	13	48921990	C	T
PD21910	13	49039482	A	G
PD21910	14	23444236	G	A
PD21910	14	95574402	G	A
PD21910	14	105246482	C	T
PD21910	16	3779576	G	A
PD21910	16	3860743	G	C
PD21910	16	9984935	C	T
PD21910	16	10032360	C	A
PD21910	16	51171340	C	T
PD21910	16	51172651	G	T
PD21910	16	51173542	G	C
PD21910	16	51173749	T	C
PD21910	16	51174348	G	A
PD21910	16	51174465	G	A
PD21910	16	51174680	T	G
PD21910	16	51174910	T	C
PD21910	16	51175691	C	T
PD21910	16	77317978	G	A
PD21910	16	77389842	G	A
PD21910	16	77398142	C	T
PD21910	16	77465515	T	A
PD21910	17	7555371	A	T
PD21910	17	7573769	A	T
PD21910	17	7577046	C	A
PD21910	17	7577120	CG	A
PD21910	17	7577141	CC	TT
PD21910	17	7577543	C	T
PD21910	17	7577546	G	A
PD21910	17	7577562	C	A
PD21910	17	7578196	A	C
PD21910	17	7578400	G	A
PD21910	17	7578402	G	C
PD21910	17	7578543	G	A
PD21910	17	7579307	C	G
PD21910	17	29508755	C	T
PD21910	17	29550502	C	T
PD21910	17	29560133	C	T
PD21910	17	29560134	G	T
PD21910	17	29654788	C	T
PD21910	17	29654819	C	T
PD21910	17	29664530	CC	TT
PD21910	17	29665066	C	T
PD21910	19	15271836	GG	AA
PD21910	19	15272508	G	A
PD21910	19	15273358	T	A
PD21910	19	15289878	GG	AA
PD21910	19	15291829	GG	AA
PD21910	19	15295743	A	T
PD21910	19	15300096	C	A
PD21910	2	21226064	G	A
PD21910	2	21227255	C	T
PD21910	2	21228107	G	A
PD21910	2	21228146	G	A
PD21910	2	21228284	T	G
PD21910	2	21229039	C	T
PD21910	2	21229098	C	T
PD21910	2	21231264	C	T
PD21910	2	21233947	G	A
PD21910	2	21234295	C	T
PD21910	2	21236236	G	A
PD21910	2	21246458	A	G
PD21910	2	21247661	G	A
PD21910	2	21247996	C	T
PD21910	2	21263928	T	C
PD21910	2	21266727	C	G
PD21910	2	166905453	T	G
PD21910	2	212248535	G	A
PD21910	2	212570084	GG	AA
PD21910	2	212652795	A	C
PD21910	2	212989526	T	C
PD21910	2	225339074	G	A
PD21910	2	228860272	G	A
PD21910	2	228882488	G	A
PD21910	2	228884246	G	A
PD21910	2	228884822	T	C
PD21910	2	228886565	C	T
PD21910	2	228890141	C	T
PD21910	20	8665730	G	A
PD21910	20	8717804	C	T
PD21910	20	8782781	C	T
PD21910	20	40980879	G	A
PD21910	20	41420059	C	T
PD21910	20	54956492	AGC	-
PD21910	20	54956517	G	A
PD21910	20	54961330	G	A
PD21910	22	38106547	C	T
PD21910	22	38119740	C	T
PD21910	22	38119855	C	T
PD21910	22	38121343	CC	TT
PD21910	22	38121796	G	A
PD21910	22	38121828	C	T
PD21910	22	38146679	A	G
PD21910	22	38150989	G	A
PD21910	22	38167750	C	T
PD21910	3	38913124	C	T
PD21910	3	38927672	C	T
PD21910	3	38936340	C	A
PD21910	3	38938499	C	T
PD21910	3	38949573	G	A
PD21910	3	38991809	A	T
PD21910	3	47059217	T	C
PD21910	3	47164660	G	A
PD21910	3	178937017	C	T
PD21910	3	178947841	G	T
PD21910	3	189612069	C	T
PD21910	4	1804697	G	A
PD21910	4	126237908	G	T
PD21910	4	126239568	CC	TT
PD21910	4	126239985	GC	-
PD21910	4	126240013	C	A
PD21910	4	126329689	G	A
PD21910	4	126336506	G	A
PD21910	4	126370308	G	A
PD21910	4	126411257	C	T
PD21910	4	126411388	G	A
PD21910	4	126411667	C	T
PD21910	4	126412280	G	T
PD21910	4	153249393	G	A
PD21910	4	175898363	CC	TT
PD21910	4	187517980	A	C
PD21910	4	187524468	AG	-
PD21910	4	187525110	G	A
PD21910	4	187539471	TCTG	-
PD21910	4	187540835	A	T
PD21910	4	187557179	C	T
PD21910	4	187628897	G	A
PD21910	4	187629676	G	A
PD21910	5	176631182	A	T
PD21910	6	69646518	T	A
PD21910	6	70049270	G	T
PD21910	6	70092753	G	A
PD21910	7	86394655	G	A
PD21910	7	86415630	C	A
PD21910	7	86416315	G	A
PD21910	7	86468891	T	C
PD21910	7	100675370	A	C
PD21910	7	100677293	C	T
PD21910	7	100678412	C	T
PD21910	7	100679218	A	T
PD21910	7	100680538	A	C
PD21910	7	100680655	A	C
PD21910	7	100681823	G	A
PD21910	7	100683340	G	A
PD21910	7	100683872	G	A
PD21910	7	100684904	A	G
PD21910	7	100686299	A	T
PD21910	7	113519273	A	G
PD21910	7	113519870	T	A
PD21910	7	116411694	G	T
PD21910	7	140494238	G	A
PD21910	7	151860095	G	A
PD21910	7	151947043	G	A
PD21910	8	38271474	C	T
PD21910	8	38275771	GG	AA
PD21910	8	68934362	GG	AA
PD21910	8	68982089	G	A
PD21910	8	69000049	G	A
PD21910	8	69012043	G	A
PD21910	8	69021828	A	G
PD21910	8	69030857	C	T
PD21910	8	69031672	G	A
PD21910	8	69033247	C	A
PD21910	8	69033271	G	A
PD21910	8	69058536	C	T
PD21910	8	69069619	C	T
PD21910	9	139390587	CC	TT
PD21910	9	139395171	G	A
PD21910	9	139396225	G	T
PD21910	9	139396278	G	A
PD21910	9	139396359	CC	TT
PD21910	9	139399504	G	A
PD21910	9	139399799	C	A
PD21910	9	139401080	C	A
PD21910	9	139401092	C	T
PD21910	9	139402708	A	T
PD21910	9	139402842	G	A
PD21910	9	139408979	G	T
PD21910	9	139411829	C	A
PD21910	9	139412203	C	T
PD21910	9	139412231	C	A
PD21910	9	139412375	C	G
PD21910	9	139412381	G	A
PD21910	9	139412703	A	T
PD21910	9	139412721	C	G
PD21910	9	139413919	A	C
PD21910	9	139417593	T	A
PD21910	X	47039342	C	T
PD21910	X	47039407	G	A
PD21910	X	47039876	A	T
PD21910	X	47044949	C	T
PD21910	X	47045187	G	T
